,Rota,Etapa,Combustivel,2005,2006,2007,2008,2009,2010,2011,2012,2013,2014,2015,2016,2017,2018,2019,2020,2021,2022,2023,2024,2025,2026,2027,2028,2029,2030,2031,2032,2033,2034,2035,2036,2037,2038,2039,2040,2041,2042,2043,2044,2045,2046,2047,2048,2049,2050
0,R1,Sinterizacao,Gas natural,0.0696448325992833,0.06707655688963503,0.06764276347812122,0.06466779214396565,0.05342570980928486,0.05105299076314809,0.060380164255219124,0.06612662765845079,0.0691900985129556,0.057449341306006305,0.07197501788031366,0.06148788016225074,0.06388861939028388,0.06295854376597146,0.07004617832609396,0.07004617832609396,0.06949809211571457,0.06894999791029965,0.0684018875030505,0.06785375244898093,0.06730558405673374,0.06675737338006155,0.06620911120895637,0.06566078806041062,0.06511239416879214,0.06456391947581391,0.06401535362007892,0.06346668592617868,0.06291790539332373,0.0623690006834821,0.06181996010900105,0.061270771619685874,0.06072142278930772,0.06017190080151101,0.05962219243508929,0.059072284048596144,0.05852216156425638,0.05797181045114008,0.057421215707559856,0.05687036184264966,0.0563192328570804,0.05576781222286504,0.055216082862202844,0.054664027125309336,0.05411162676717492,0.05355886292319159
1,R1,Sinterizacao,Carvao metalurgico,0.4583811280188757,0.5118149281858556,0.49818979479935,0.5277969566854992,0.6199327595082825,0.46778664132810194,0.47254422090634424,0.466086669242515,0.47132795063155514,0.5252043314170142,0.52929949212953,0.5173244392807399,0.5577021543101905,0.5831179014284916,0.5823477412286661,0.5823477412286661,0.5777906173821764,0.5732325043710711,0.5686733351053317,0.5641130404705352,0.5595515492568163,0.5549887880848635,0.5504246813288052,0.5458591510358298,0.5412921168423828,0.536723495886766,0.5321532027179636,0.5275811492004981,0.5230072444151213,0.51843139455512,0.5138535028180177,0.5092734692924253,0.5046911908397937,0.5001065609707939,0.4955194697160442,0.49092980349087745,0.4863374449538304,0.48174227285851196,0.4771441618984884,0.4725429825448002,0.46793860087570127,0.46333087839818304,0.45871967186082097,0.4541048330574479,0.44948620862112865,0.4448636398078735
4,R1,Sinterizacao,Outras fontes secundarias,0.002323052451894472,0.002603361659333091,0.002803760110066712,0.0026677157910251466,0.004039781125938161,0.0006928742769242903,0.0006985569112496053,0.000680171620360141,0.0006536729367443839,0.0006625220983898838,0.0006621814230366022,0.0006227672435412792,0.0006211185766296797,0.0006195765962775508,0.0006145648342580114,0.0006145648342580114,0.0006097515422004533,0.0006049290848947445,0.0006000973756694981,0.0005952563253619185,0.00059040584221733,0.0005855458317838775,0.000580676196802133,0.0005757968370893204,0.0005709076494178546,0.0005660085273878727,0.0005610993612934117,0.0005561800379818646,0.0005512504407063268,0.0005463104489704097,0.000541359938365082,0.0005363987803970577,0.0005314268423082265,0.0005264439868855798,0.0005214500722610539,0.0005164449517006682,0.0005114284733822904,0.0005064004801613192,0.0005013608093235173,0.0004963092923241763,0.0004912457545127323,0.0004861700148418899,0.00048108188556023653,0.0004759811718872575,0.00047086767166957665,0.0004657411750171579
5,R1,Sinterizacao,Oleo diesel,0.0,0.0,0.0,0.0,0.0,0.0,0.0,0.0,0.0,0.0,0.0,0.0,0.0,0.0,0.0,0.0,0.0,0.0,0.0,0.0,0.0,0.0,0.0,0.0,0.0,0.0,0.0,0.0,0.0,0.0,0.0,0.0,0.0,0.0,0.0,0.0,0.0,0.0,0.0,0.0,0.0,0.0,0.0,0.0,0.0,0.0
6,R1,Sinterizacao,Oleo combustivel,0.0,0.0,0.0,0.0,0.0,0.0,0.0,0.0,0.0,0.0,0.0,0.0,0.0,0.0,0.0,0.0,0.0,0.0,0.0,0.0,0.0,0.0,0.0,0.0,0.0,0.0,0.0,0.0,0.0,0.0,0.0,0.0,0.0,0.0,0.0,0.0,0.0,0.0,0.0,0.0,0.0,0.0,0.0,0.0,0.0,0.0
8,R1,Sinterizacao,GLP,0.0,0.0,0.0,0.0,0.0,0.0,0.0,0.0,0.0,0.0,0.0,0.0,0.0,0.0,0.0,0.0,0.0,0.0,0.0,0.0,0.0,0.0,0.0,0.0,0.0,0.0,0.0,0.0,0.0,0.0,0.0,0.0,0.0,0.0,0.0,0.0,0.0,0.0,0.0,0.0,0.0,0.0,0.0,0.0,0.0,0.0
10,R1,Sinterizacao,Gas cidade,0.0818498015615641,0.08901531056417217,0.08588567091085472,0.08812582875232822,0.12786683957955738,0.10616292030260793,0.10176645458380458,0.10004305083881203,0.10067004703837343,0.09875694526569741,0.09198290730214596,0.0957819344323263,0.09418484949095188,0.09609965567613886,0.09616458980464554,0.09616458980464554,0.09541142489380218,0.0946568244944187,0.09390077503493724,0.0931432625538623,0.09238427268403525,0.09162379063615339,0.09086180118149147,0.09009828863378051,0.08933323683019709,0.08856662911141158,0.08779844830064212,0.08702867668165634,0.08625729597565981,0.08548428731700565,0.08470963122765567,0.08393330759031845,0.08315529562018478,0.08237557383517549,0.0815941200246105,0.08081091121620179,0.08002592364126633,0.0792391326980468,0.07845051291302083,0.07766003790007016,0.07686768031737212,0.07607341182186518,0.07527720302113,0.07447902342251465,0.07367884137932044,0.07287662403385
11,R1,Sinterizacao,Coque de carvao mineral,1.443629902281512,1.543681796928643,1.540819055089455,1.5349869421674884,1.8515572638835316,1.791827204062509,1.8062634898756849,1.787988362771625,1.807713724194179,1.756882936861952,1.7602548563993115,1.707261032658319,1.6973916729499985,1.704873262700313,1.708195862963054,1.708195862963054,1.6948153398016361,1.6814055692186445,1.6679662818900836,1.6544972012858628,1.6409980433793407,1.6274685163426241,1.6139083202268028,1.6003171466262591,1.5866946783261282,1.5730405889319272,1.559354542480304,1.545636193029787,1.5318851842303416,1.5181011488704543,1.5042837084003846,1.4904324724301203,1.4765470382004786,1.462626990025679,1.4486718987055967,1.4346813209057785,1.42065479850316,1.4065918578952732,1.3924920092705764,1.3783547458373473,1.3641795430084074,1.34996585753872,1.3357131266126872,1.3214207668777265,1.307088173420435,1.2927147186813597
12,R1,Sinterizacao,Eletricidade,0.29375734455746516,0.2910067229014114,0.2917174075039439,0.2983261990516063,0.32697666139511783,0.30935858301255476,0.30878102542455654,0.31030469946090283,0.3057977395532273,0.3131392771180237,0.3237301842168477,0.30755256621169863,0.3059141578387316,0.30262464462722605,0.30101765906227085,0.30101765906227085,0.2986538941248969,0.2962731421863515,0.2938751655872319,0.2914597219160436,0.2890265638757395,0.2865754391448511,0.2841060902328998,0.2816182543297502,0.27911166314854585,0.27658604276183424,0.2740411134304609,0.2714765894247749,0.26889217883765326,0.26628758338880865,0.2636624982197993,0.26101661167911216,0.2583496050966322,0.2556611525467519,0.2529509205993077,0.2502185680574539,0.24746374568150445,0.24468609589767898,0.24188525249059023,0.23906084027819519,0.23621247476780563,0.2333397617916166,0.23044229712004938,0.22751966605103469,0.22457144297316217,0.2215971909004023
13,R1,Sinterizacao,Carvao vegetal,0.0,0.0,0.0,0.0,0.0,0.0,0.0,0.0,0.0,0.0,0.0,0.0,0.0,0.0,0.0,0.0,0.0,0.0,0.0,0.0,0.0,0.0,0.0,0.0,0.0,0.0,0.0,0.0,0.0,0.0,0.0,0.0,0.0,0.0,0.0,0.0,0.0,0.0,0.0,0.0,0.0,0.0,0.0,0.0,0.0,0.0
17,R1,Alto-forno,Gas natural,0.15476629466507402,0.14905901531030005,0.15031725217360273,0.1437062047643681,0.11872379957618859,0.11345109058477354,0.13417814278937584,0.146948061463224,0.15375577447323469,0.12766520290223624,0.15994448417847482,0.13663973369389054,0.14197470975618645,0.13990787503549215,0.15565817405798657,0.15565817405798657,0.15528743808296924,0.1549167018527542,0.15454596511059632,0.15417522759804997,0.15380448905495434,0.15343374921941932,0.15306300782781082,0.15269226461473595,0.15232151931302845,0.1519507716537335,0.15158002136609244,0.15120926817752764,0.1508385118136271,0.15046775199812842,0.15009698845290345,0.149726220897942,0.14935544905133596,0.14898467262926268,0.14861389134596886,0.1482431049137536,0.14787231304295181,0.1475015154419171,0.14713071181700454,0.14675990187255356,0.14638908531087005,0.14601826183220895,0.14564743113475614,0.14527659291461045,0.14490574686576535,0.14453489268009034
18,R1,Alto-forno,Carvao metalurgico,2.749265874732366,3.069749669497793,2.988029214687416,3.1656062457773926,3.7182158604806346,2.8056780068966116,2.8342128884204567,2.795481960512456,2.8269179756142053,3.15005626838757,3.17461811203747,3.1027944654410526,3.3449708275219217,3.4974087050042937,3.492789459084182,3.492789459084182,3.4844705172816024,3.4761514594042673,3.4678322796351697,3.4595129721184374,3.451193530959005,3.4428739502222814,3.4345542239338154,3.4262343460789544,3.417914310602507,3.4095941114083916,3.401273742359292,3.3929531972763014,3.3846324699385644,3.3763115540829207,3.3679904434035386,3.359669131551547,3.351347612134662,3.343025878716815,3.3347039248177692,3.3263817439127377,3.3180593294319953,3.3097366747604853,3.3014137732374262,3.29309061815591,3.2847672027624935,3.276443520256797,3.2681195637910854,3.2597953264698534,3.251470801349399,3.2431459814374026
21,R1,Alto-forno,Outras fontes secundarias,0.4264091833921852,0.4778614956909184,0.5146457446478008,0.489674054085949,0.7415242688944269,0.12718092283099192,0.1282240019315942,0.12484927964832807,0.1199852990557469,0.12160961183778755,0.12154707898405184,0.11431238737002145,0.11400976539913675,0.11372672633894598,0.11280678957713718,0.11280678957713718,0.1125380723337918,0.11226927132912849,0.11200038629260313,0.11173141695179119,0.11146236303236964,0.11119322425809888,0.11092400035080403,0.11065469103035647,0.11038529601465488,0.11011581501960606,0.10984624775910551,0.10957659394501804,0.1093068532871577,0.10903702549326788,0.10876711026900085,0.10849710731789733,0.10822701634136542,0.10795683703865984,0.10768656910686032,0.10741621224085014,0.10714576613329423,0.10687523047461692,0.1066046049529797,0.10633388925425835,0.10606308306202004,0.10579218605750007,0.10552119791957833,0.10525011832475518,0.10497894694712773,0.104707683458365
22,R1,Alto-forno,Oleo diesel,0.0,0.0,0.0,0.0,0.0,0.0,0.0,0.0,0.0,0.0,0.0,0.0,0.0,0.0,0.0,0.0,0.0,0.0,0.0,0.0,0.0,0.0,0.0,0.0,0.0,0.0,0.0,0.0,0.0,0.0,0.0,0.0,0.0,0.0,0.0,0.0,0.0,0.0,0.0,0.0,0.0,0.0,0.0,0.0,0.0,0.0
23,R1,Alto-forno,Oleo combustivel,0.0,0.0,0.0,0.0,0.0,0.0,0.0,0.0,0.0,0.0,0.0,0.0,0.0,0.0,0.0,0.0,0.0,0.0,0.0,0.0,0.0,0.0,0.0,0.0,0.0,0.0,0.0,0.0,0.0,0.0,0.0,0.0,0.0,0.0,0.0,0.0,0.0,0.0,0.0,0.0,0.0,0.0,0.0,0.0,0.0,0.0
25,R1,Alto-forno,GLP,0.0,0.0,0.0,0.0,0.0,0.0,0.0,0.0,0.0,0.0,0.0,0.0,0.0,0.0,0.0,0.0,0.0,0.0,0.0,0.0,0.0,0.0,0.0,0.0,0.0,0.0,0.0,0.0,0.0,0.0,0.0,0.0,0.0,0.0,0.0,0.0,0.0,0.0,0.0,0.0,0.0,0.0,0.0,0.0,0.0,0.0
27,R1,Alto-forno,Gas cidade,0.6170215810025601,0.6710384950222209,0.6474458268664434,0.6643331705944742,0.963919252215125,0.8003050915119674,0.7671625037856036,0.7541706909387368,0.7588972776738919,0.7444754335414112,0.6934096088931003,0.7220484287975367,0.7100088653933295,0.7244435581739698,0.7249330616042509,0.7249330616042509,0.7232061890375174,0.721478761570381,0.7197507774307366,0.7180222348342017,0.7162931319839988,0.7145634670708361,0.712833238272786,0.7111024437551642,0.7093710816704041,0.7076391501579326,0.7059066473440432,0.7041735713417674,0.7024399202507446,0.7007056921570911,0.6989708851332667,0.6972354972379393,0.6954995265158492,0.693762970997671,0.6920258286998734,0.6902880976245771,0.688549775759413,0.6868108610773752,0.6850713515366752,0.6833312450805931,0.6815905396373261,0.6798492331198368,0.678107323425698,0.6763648084369374,0.6746216860198772,0.6728779540249756
28,R1,Alto-forno,Coque de carvao mineral,9.179884761979338,9.816103824515253,9.797899962053338,9.760814193423933,11.773850268544873,11.394033346550833,11.485832110171977,11.369622574361818,11.495053991694796,11.17182657077959,11.193268238571804,10.856286305549965,10.79352812587128,10.841102737366755,10.862230789282195,10.862230789282195,10.836354927381112,10.81046915013367,10.784573427549908,10.758667729436125,10.732752025392887,10.706826284813044,10.680890476879645,10.654944570563911,10.628988534623122,10.603022337598514,10.577045947813119,10.551059333369613,10.525062462148105,10.499055301803923,10.473037819765345,10.447009983231332,10.42097175916921,10.394923114312327,10.368864015157687,10.342794427963547,10.316714318746993,10.290623653281454,10.26452239709423,10.238410515463968,10.212287973418082,10.186154735730168,10.160010766917383,10.13385603123778,10.107690492687608,10.08151411499859
29,R1,Alto-forno,Eletricidade,0.1820018330410382,0.180297643536744,0.18073795899700876,0.18483253636893,0.20258336629914905,0.19166781773603936,0.19130998314347525,0.1922539985790376,0.18946164298406476,0.19401020430138424,0.20057196196043825,0.19054887254420458,0.18953377170443153,0.18749570373643354,0.18650007137553737,0.18650007137553737,0.18605558763871802,0.18561052111597046,0.18516486970141197,0.18471863127480595,0.18427180370140617,0.18382438483179833,0.18337637250173935,0.1829277645319946,0.18247855872817167,0.1820287528805528,0.18157834476392387,0.18112733213740095,0.18067571274425434,0.1802234843117299,0.179770644550867,0.17931719115631453,0.17886312180614328,0.1784084341616557,0.17795312586719242,0.17749719454993615,0.17704063781971166,0.1765834532687833,0.17612563847164903,0.1756671909848307,0.17520810834666162,0.17474838807707005,0.17428802767735965,0.1738270246299859,0.17336537639832905,0.1729030804264634
30,R1,Alto-forno,Carvao vegetal,0.0,0.0,0.0,0.0,0.0,0.0,0.0,0.0,0.0,0.0,0.0,0.0,0.0,0.0,0.0,0.0,0.0,0.0,0.0,0.0,0.0,0.0,0.0,0.0,0.0,0.0,0.0,0.0,0.0,0.0,0.0,0.0,0.0,0.0,0.0,0.0,0.0,0.0,0.0,0.0,0.0,0.0,0.0,0.0,0.0,0.0
34,R1,Aciaria,Gas natural,0.04178689955956998,0.040245934133781025,0.040585658086872735,0.03880067528637939,0.03205542588557092,0.030631794457888856,0.036228098553131485,0.03967597659507048,0.041514059107773366,0.03446960478360379,0.0431850107281882,0.036892728097350454,0.03833317163417034,0.03777512625958289,0.042027706995656375,0.042027706995656375,0.042027706995656375,0.042027706995656375,0.042027706995656375,0.042027706995656375,0.042027706995656375,0.042027706995656375,0.042027706995656375,0.042027706995656375,0.042027706995656375,0.042027706995656375,0.042027706995656375,0.042027706995656375,0.042027706995656375,0.042027706995656375,0.042027706995656375,0.042027706995656375,0.042027706995656375,0.042027706995656375,0.042027706995656375,0.042027706995656375,0.042027706995656375,0.042027706995656375,0.042027706995656375,0.042027706995656375,0.042027706995656375,0.042027706995656375,0.042027706995656375,0.042027706995656375,0.042027706995656375,0.042027706995656375
35,R1,Aciaria,Carvao metalurgico,0.0,0.0,0.0,0.0,0.0,0.0,0.0,0.0,0.0,0.0,0.0,0.0,0.0,0.0,0.0,0.0,0.0,0.0,0.0,0.0,0.0,0.0,0.0,0.0,0.0,0.0,0.0,0.0,0.0,0.0,0.0,0.0,0.0,0.0,0.0,0.0,0.0,0.0,0.0,0.0,0.0,0.0,0.0,0.0,0.0,0.0
38,R1,Aciaria,Outras fontes secundarias,0.04129871025590172,0.0462819850548105,0.04984462417896376,0.047426058507113705,0.07181833112778953,0.012317764923098492,0.012418789533326313,0.012091939917513615,0.011620852208789044,0.011778170638042379,0.011772114187317372,0.011071417662956074,0.011042108028972084,0.011014695044934235,0.010925597053475756,0.010925597053475756,0.010925597053475756,0.010925597053475756,0.010925597053475756,0.010925597053475756,0.010925597053475756,0.010925597053475756,0.010925597053475756,0.010925597053475756,0.010925597053475756,0.010925597053475756,0.010925597053475756,0.010925597053475756,0.010925597053475756,0.010925597053475756,0.010925597053475756,0.010925597053475756,0.010925597053475756,0.010925597053475756,0.010925597053475756,0.010925597053475756,0.010925597053475756,0.010925597053475756,0.010925597053475756,0.010925597053475756,0.010925597053475756,0.010925597053475756,0.010925597053475756,0.010925597053475756,0.010925597053475756,0.010925597053475756
39,R1,Aciaria,Oleo diesel,0.0,0.0,0.0,0.0,0.0,0.0,0.0,0.0,0.0,0.0,0.0,0.0,0.0,0.0,0.0,0.0,0.0,0.0,0.0,0.0,0.0,0.0,0.0,0.0,0.0,0.0,0.0,0.0,0.0,0.0,0.0,0.0,0.0,0.0,0.0,0.0,0.0,0.0,0.0,0.0,0.0,0.0,0.0,0.0,0.0,0.0
40,R1,Aciaria,Oleo combustivel,0.0,0.0,0.0,0.0,0.0,0.0,0.0,0.0,0.0,0.0,0.0,0.0,0.0,0.0,0.0,0.0,0.0,0.0,0.0,0.0,0.0,0.0,0.0,0.0,0.0,0.0,0.0,0.0,0.0,0.0,0.0,0.0,0.0,0.0,0.0,0.0,0.0,0.0,0.0,0.0,0.0,0.0,0.0,0.0,0.0,0.0
42,R1,Aciaria,GLP,0.0,0.0,0.0,0.0,0.0,0.0,0.0,0.0,0.0,0.0,0.0,0.0,0.0,0.0,0.0,0.0,0.0,0.0,0.0,0.0,0.0,0.0,0.0,0.0,0.0,0.0,0.0,0.0,0.0,0.0,0.0,0.0,0.0,0.0,0.0,0.0,0.0,0.0,0.0,0.0,0.0,0.0,0.0,0.0,0.0,0.0
44,R1,Aciaria,Gas cidade,0.014690990023870478,0.01597710702433859,0.01541537683015341,0.015817456442725576,0.0229504583860744,0.019054883131237318,0.018265773899657226,0.017956445022350876,0.01806898280175933,0.017725605560509786,0.016509752592692863,0.017191629257084208,0.016904972985555464,0.01724865614699928,0.017260310990577402,0.017260310990577402,0.017260310990577402,0.017260310990577402,0.017260310990577402,0.017260310990577402,0.017260310990577402,0.017260310990577402,0.017260310990577402,0.017260310990577402,0.017260310990577402,0.017260310990577402,0.017260310990577402,0.017260310990577402,0.017260310990577402,0.017260310990577402,0.017260310990577402,0.017260310990577402,0.017260310990577402,0.017260310990577402,0.017260310990577402,0.017260310990577402,0.017260310990577402,0.017260310990577402,0.017260310990577402,0.017260310990577402,0.017260310990577402,0.017260310990577402,0.017260310990577402,0.017260310990577402,0.017260310990577402,0.017260310990577402
45,R1,Aciaria,Coque de carvao mineral,0.0,0.0,0.0,0.0,0.0,0.0,0.0,0.0,0.0,0.0,0.0,0.0,0.0,0.0,0.0,0.0,0.0,0.0,0.0,0.0,0.0,0.0,0.0,0.0,0.0,0.0,0.0,0.0,0.0,0.0,0.0,0.0,0.0,0.0,0.0,0.0,0.0,0.0,0.0,0.0,0.0,0.0,0.0,0.0,0.0,0.0
46,R1,Aciaria,Eletricidade,0.07131065972952957,0.07064293635650203,0.07081545761871103,0.07241976571180297,0.07937476925171338,0.07509791689072887,0.07495771269364236,0.07532759008652351,0.0742335092393704,0.0760156940829985,0.07858667515408983,0.0746594997687819,0.07426177019998195,0.07346322894936284,0.0730731273810585,0.0730731273810585,0.0730731273810585,0.0730731273810585,0.0730731273810585,0.0730731273810585,0.0730731273810585,0.0730731273810585,0.0730731273810585,0.0730731273810585,0.0730731273810585,0.0730731273810585,0.0730731273810585,0.0730731273810585,0.0730731273810585,0.0730731273810585,0.0730731273810585,0.0730731273810585,0.0730731273810585,0.0730731273810585,0.0730731273810585,0.0730731273810585,0.0730731273810585,0.0730731273810585,0.0730731273810585,0.0730731273810585,0.0730731273810585,0.0730731273810585,0.0730731273810585,0.0730731273810585,0.0730731273810585,0.0730731273810585
47,R1,Aciaria,Carvao vegetal,0.0,0.0,0.0,0.0,0.0,0.0,0.0,0.0,0.0,0.0,0.0,0.0,0.0,0.0,0.0,0.0,0.0,0.0,0.0,0.0,0.0,0.0,0.0,0.0,0.0,0.0,0.0,0.0,0.0,0.0,0.0,0.0,0.0,0.0,0.0,0.0,0.0,0.0,0.0,0.0,0.0,0.0,0.0,0.0,0.0,0.0
51,R1,Laminacao,Gas natural,0.7583548438588625,0.7303891750204703,0.7365545356506533,0.7041604033454036,0.581746617923324,0.5559103438653903,0.6574728996679415,0.7200455011697975,0.7534032949188498,0.6255594942209576,0.7837279724745265,0.6695346951000637,0.6956760778053135,0.6855485876739115,0.7627250528841342,0.7627250528841342,0.7490049957042576,0.7352841519333969,0.7215616928184085,0.7078367403457198,0.694108363321853,0.6803755730549323,0.6666373185874169,0.6528924814229218,0.6391398696813501,0.62537821160638,0.6116061483373627,0.5978222258434794,0.5840248859011419,0.5702124559755115,0.5563831378429558,0.5425349947623592,0.5286659369683596,0.5147737052173693,0.5008558520659002,0.48690972049797343,0.47293241944136,0.45892079561733906,0.44487140105074446,0.4307804554199937,0.4166438022422844,0.4024568576562839,0.3882145502688637,0.37391125015423754,0.35954068460682964,0.3450958376173269
52,R1,Laminacao,Carvao metalurgico,0.0,0.0,0.0,0.0,0.0,0.0,0.0,0.0,0.0,0.0,0.0,0.0,0.0,0.0,0.0,0.0,0.0,0.0,0.0,0.0,0.0,0.0,0.0,0.0,0.0,0.0,0.0,0.0,0.0,0.0,0.0,0.0,0.0,0.0,0.0,0.0,0.0,0.0,0.0,0.0,0.0,0.0,0.0,0.0,0.0,0.0
55,R1,Laminacao,Outras fontes secundarias,0.053172089454473465,0.05958805575806852,0.06417495363041585,0.06106105032790891,0.09246610132702902,0.015859122338489313,0.01598919152415763,0.01556837264379878,0.014961847218815896,0.015164394696479563,0.015156597016171117,0.014254450241055946,0.014216714087301558,0.01418141987035283,0.014066706206350036,0.014066706206350036,0.01381332857232545,0.013559247784095532,0.013304443708180328,0.013048894938442843,0.012792578687095118,0.012535470663696598,0.01227754494051404,0.012018773802347737,0.011759127578614349,0.011498574455101123,0.011237080262356211,0.01097460823713845,0.010711118752695595,0.010446569012845837,0.010180912703869244,0.009914099597029376,0.00964607509308452,0.009376779698339806,0.009106148419540574,0.008834110062089593,0.008560586412521276,0.00828549128166646,0.008008729379198685,0.0077301949828711995,0.007449770356193925,0.007167323855819424,0.006882707653476646,0.006595754975465535,0.006306276733455228,0.006014057380672368
56,R1,Laminacao,Oleo diesel,0.0,0.0,0.0,0.0,0.0,0.0,0.0,0.0,0.0,0.0,0.0,0.0,0.0,0.0,0.0,0.0,0.0,0.0,0.0,0.0,0.0,0.0,0.0,0.0,0.0,0.0,0.0,0.0,0.0,0.0,0.0,0.0,0.0,0.0,0.0,0.0,0.0,0.0,0.0,0.0,0.0,0.0,0.0,0.0,0.0,0.0
57,R1,Laminacao,Oleo combustivel,0.027412915540280695,0.037474967915373886,0.04515080109102327,0.041962299545774025,0.04695180567262819,0.05001909642752386,0.008110068431414203,0.007910417104541077,0.011201861190355312,0.009739012220155321,0.0005819519891539866,0.0006018946677382272,0.0007932820407712823,0.0,0.0005581652585284867,0.0005581652585284867,0.0005481110120674966,0.0005380283563750888,0.0005279164847153997,0.0005177745394776175,0.0005076016078147078,0.0004973967168009354,0.00048715882804270793,0.0004768868316666404,0.0004665795395960777,0.0004562356780121987,0.0004458538788777046,0.000435432670379284,0.0004249704661186765,0.0004144655528501426,0.00040391607652308543,0.0003933200263407006,0.00038267521648654393,0.00037197926509785473,0.0003612295699734906,0.000350423280390351,0.0003395572642585032,0.00032862806966297816,0.00031763187960742387,0.000306564458475351,0.0002954210883365433,0.0002841964927190026,0.00027288474479838826,0.0002614791560680426,0.0002499721403592327,0.00023835504646224352
59,R1,Laminacao,GLP,0.0,0.0,0.0,0.0,0.0,0.0,0.0,0.0,0.0,0.0,0.0,0.0,0.0,0.0,0.0,0.0,0.0,0.0,0.0,0.0,0.0,0.0,0.0,0.0,0.0,0.0,0.0,0.0,0.0,0.0,0.0,0.0,0.0,0.0,0.0,0.0,0.0,0.0,0.0,0.0,0.0,0.0,0.0,0.0,0.0,0.0
61,R1,Laminacao,Gas cidade,1.0115795987865104,1.1001379408187433,1.0614588045905637,1.0891448579133898,1.5803029917268376,1.3120648098937697,1.2577290028049695,1.2364295001104462,1.2441785300639998,1.2205345543093884,1.1368143928111374,1.1837664717020842,1.1640281398625336,1.187693180407665,1.1884956996369014,1.1884956996369014,1.167087272001916,1.1456183099341055,1.1240870949894177,1.1024918003642354,1.080830481605862,1.0591010662979792,1.0373013425816024,1.0154289463494137,0.9934813469243772,0.9714558310013447,0.9493494845917517,0.9271591726650339,0.9048815161242126,0.8825128656848783,0.8600492721435877,0.8374864524196781,0.8148197506288231,0.7920440932909997,0.7691539375816502,0.7461432112919657,0.723005242858054,0.6997326794303964,0.6763173904589157,0.6527503536307944,0.629021519170915,0.6051196474337883,0.5810321132911733,0.5567446689249834,0.5322411540910834,0.5075031394683669
62,R1,Laminacao,Coque de carvao mineral,0.0,0.0,0.0,0.0,0.0,0.0,0.0,0.0,0.0,0.0,0.0,0.0,0.0,0.0,0.0,0.0,0.0,0.0,0.0,0.0,0.0,0.0,0.0,0.0,0.0,0.0,0.0,0.0,0.0,0.0,0.0,0.0,0.0,0.0,0.0,0.0,0.0,0.0,0.0,0.0,0.0,0.0,0.0,0.0,0.0,0.0
63,R1,Laminacao,Eletricidade,0.5907077037296853,0.5851765623560989,0.5866056563938002,0.5998950741798605,0.6575074169358347,0.6220797593187243,0.6209183663428584,0.623982276089859,0.6149193675798593,0.6296822420308086,0.6509791747838785,0.6184480950996114,0.6151534695670147,0.6085386875656176,0.6053072492013055,0.6053072492013055,0.5943807226928383,0.583376496950715,0.5722926562385086,0.5611271795173949,0.5498779311472298,0.5385426504699281,0.5271189401055616,0.5156042527604766,0.5039958763088677,0.4922909168629875,0.48048627949036393,0.4685786461662197,0.45656445046217387,0.4444398483634585,0.43220068447008053,0.4198424526642818,0.4073602501061551,0.3947487231363456,0.3820020032989007,0.369113631220384,0.35607646545419513,0.342882572566767,0.3295230936270262,0.3159880807503639,0.302266295280709,0.2883449563294016,0.2742094243689096,0.25984279885843675,0.24522540061585382,0.23033409752257009
64,R1,Laminacao,Carvao vegetal,0.0,0.0,0.0,0.0,0.0,0.0,0.0,0.0,0.0,0.0,0.0,0.0,0.0,0.0,0.0,0.0,0.0,0.0,0.0,0.0,0.0,0.0,0.0,0.0,0.0,0.0,0.0,0.0,0.0,0.0,0.0,0.0,0.0,0.0,0.0,0.0,0.0,0.0,0.0,0.0,0.0,0.0,0.0,0.0,0.0,0.0
68,R1,Flare,Gas natural,0.0,0.0,0.0,0.0,0.0,0.0,0.0,0.0,0.0,0.0,0.0,0.0,0.0,0.0,0.0,0.0,0.0,0.0,0.0,0.0,0.0,0.0,0.0,0.0,0.0,0.0,0.0,0.0,0.0,0.0,0.0,0.0,0.0,0.0,0.0,0.0,0.0,0.0,0.0,0.0,0.0,0.0,0.0,0.0,0.0,0.0
69,R1,Flare,Carvao metalurgico,0.0,0.0,0.0,0.0,0.0,0.0,0.0,0.0,0.0,0.0,0.0,0.0,0.0,0.0,0.0,0.0,0.0,0.0,0.0,0.0,0.0,0.0,0.0,0.0,0.0,0.0,0.0,0.0,0.0,0.0,0.0,0.0,0.0,0.0,0.0,0.0,0.0,0.0,0.0,0.0,0.0,0.0,0.0,0.0,0.0,0.0
72,R1,Flare,Outras fontes secundarias,0.19875004310652702,0.22273205307627553,0.2398772538612631,0.22823790656548473,0.3456257185524871,0.0592792436924115,0.05976542462913288,0.05819246085303428,0.05592535125479727,0.056682446195578946,0.05665329952646485,0.0532811975029761,0.053140144889428156,0.05300821990374601,0.052579435819852076,0.052579435819852076,0.052579435819852076,0.052579435819852076,0.052579435819852076,0.052579435819852076,0.052579435819852076,0.052579435819852076,0.052579435819852076,0.052579435819852076,0.052579435819852076,0.052579435819852076,0.052579435819852076,0.052579435819852076,0.052579435819852076,0.052579435819852076,0.052579435819852076,0.052579435819852076,0.052579435819852076,0.052579435819852076,0.052579435819852076,0.052579435819852076,0.052579435819852076,0.052579435819852076,0.052579435819852076,0.052579435819852076,0.052579435819852076,0.052579435819852076,0.052579435819852076,0.052579435819852076,0.052579435819852076,0.052579435819852076
73,R1,Flare,Oleo diesel,0.0,0.0,0.0,0.0,0.0,0.0,0.0,0.0,0.0,0.0,0.0,0.0,0.0,0.0,0.0,0.0,0.0,0.0,0.0,0.0,0.0,0.0,0.0,0.0,0.0,0.0,0.0,0.0,0.0,0.0,0.0,0.0,0.0,0.0,0.0,0.0,0.0,0.0,0.0,0.0,0.0,0.0,0.0,0.0,0.0,0.0
74,R1,Flare,Oleo combustivel,0.0,0.0,0.0,0.0,0.0,0.0,0.0,0.0,0.0,0.0,0.0,0.0,0.0,0.0,0.0,0.0,0.0,0.0,0.0,0.0,0.0,0.0,0.0,0.0,0.0,0.0,0.0,0.0,0.0,0.0,0.0,0.0,0.0,0.0,0.0,0.0,0.0,0.0,0.0,0.0,0.0,0.0,0.0,0.0,0.0,0.0
76,R1,Flare,GLP,0.0,0.0,0.0,0.0,0.0,0.0,0.0,0.0,0.0,0.0,0.0,0.0,0.0,0.0,0.0,0.0,0.0,0.0,0.0,0.0,0.0,0.0,0.0,0.0,0.0,0.0,0.0,0.0,0.0,0.0,0.0,0.0,0.0,0.0,0.0,0.0,0.0,0.0,0.0,0.0,0.0,0.0,0.0,0.0,0.0,0.0
78,R1,Flare,Gas cidade,0.06086267295603484,0.06619087195797417,0.06386370401063557,0.06552946240557739,0.09508047045659396,0.0789416586865546,0.07567249187000852,0.07439098652116792,0.07485721446443151,0.07343465160782627,0.06839754645544187,0.07122246406506315,0.07003488808301549,0.07145871832328274,0.07150700267524925,0.07150700267524925,0.07150700267524925,0.07150700267524925,0.07150700267524925,0.07150700267524925,0.07150700267524925,0.07150700267524925,0.07150700267524925,0.07150700267524925,0.07150700267524925,0.07150700267524925,0.07150700267524925,0.07150700267524925,0.07150700267524925,0.07150700267524925,0.07150700267524925,0.07150700267524925,0.07150700267524925,0.07150700267524925,0.07150700267524925,0.07150700267524925,0.07150700267524925,0.07150700267524925,0.07150700267524925,0.07150700267524925,0.07150700267524925,0.07150700267524925,0.07150700267524925,0.07150700267524925,0.07150700267524925,0.07150700267524925
79,R1,Flare,Coque de carvao mineral,0.0,0.0,0.0,0.0,0.0,0.0,0.0,0.0,0.0,0.0,0.0,0.0,0.0,0.0,0.0,0.0,0.0,0.0,0.0,0.0,0.0,0.0,0.0,0.0,0.0,0.0,0.0,0.0,0.0,0.0,0.0,0.0,0.0,0.0,0.0,0.0,0.0,0.0,0.0,0.0,0.0,0.0,0.0,0.0,0.0,0.0
80,R1,Flare,Eletricidade,0.0,0.0,0.0,0.0,0.0,0.0,0.0,0.0,0.0,0.0,0.0,0.0,0.0,0.0,0.0,0.0,0.0,0.0,0.0,0.0,0.0,0.0,0.0,0.0,0.0,0.0,0.0,0.0,0.0,0.0,0.0,0.0,0.0,0.0,0.0,0.0,0.0,0.0,0.0,0.0,0.0,0.0,0.0,0.0,0.0,0.0
81,R1,Flare,Carvao vegetal,0.0,0.0,0.0,0.0,0.0,0.0,0.0,0.0,0.0,0.0,0.0,0.0,0.0,0.0,0.0,0.0,0.0,0.0,0.0,0.0,0.0,0.0,0.0,0.0,0.0,0.0,0.0,0.0,0.0,0.0,0.0,0.0,0.0,0.0,0.0,0.0,0.0,0.0,0.0,0.0,0.0,0.0,0.0,0.0,0.0,0.0
85,R2,Sinterizacao,Gas natural,0.5339437165945053,0.5142536028205351,0.5185945199989294,0.49578640643706995,0.4095971085378506,0.3914062625174687,0.4629145926233466,0.5069708120481228,0.5304574219326595,0.440444950012715,0.551808470415738,0.4714070812439224,0.48981274865884317,0.48268216887244786,0.5370207005000536,0.5370207005000536,0.5230345349765045,0.5090469617103344,0.4950564568887863,0.4810613558741608,0.4670598353458708,0.45304989257077133,0.4390293212447561,0.4249956832217107,0.4109462752855814,0.3968780899175348,0.38278776874946846,0.368671547059284,0.3545251872275549,0.34034389850540486,0.32612223969222587,0.31185400032291954,0.2975320546235841,0.2831481806770774,0.26869283474993366,0.2541548672817697,0.23952116219819392,0.22477617432798883,0.2099013297837485,0.19487423963291367,0.17966765553534986,0.16424806316021165,0.1485737582779123,0.1325921697239677,0.11623606226059467,0.09941803304273175
86,R2,Sinterizacao,Carvao metalurgico,0.0,0.0,0.0,0.0,0.0,0.0,0.0,0.0,0.0,0.0,0.0,0.0,0.0,0.0,0.0,0.0,0.0,0.0,0.0,0.0,0.0,0.0,0.0,0.0,0.0,0.0,0.0,0.0,0.0,0.0,0.0,0.0,0.0,0.0,0.0,0.0,0.0,0.0,0.0,0.0,0.0,0.0,0.0,0.0,0.0,0.0
89,R2,Sinterizacao,Outras fontes secundarias,0.0,0.0,0.0,0.0,0.0,0.0,0.0,0.0,0.0,0.0,0.0,0.0,0.0,0.0,0.0,0.0,0.0,0.0,0.0,0.0,0.0,0.0,0.0,0.0,0.0,0.0,0.0,0.0,0.0,0.0,0.0,0.0,0.0,0.0,0.0,0.0,0.0,0.0,0.0,0.0,0.0,0.0,0.0,0.0,0.0,0.0
90,R2,Sinterizacao,Oleo diesel,0.0,0.0,0.0,0.0,0.0,0.0,0.0,0.0,0.0,0.0,0.0,0.0,0.0,0.0,0.0,0.0,0.0,0.0,0.0,0.0,0.0,0.0,0.0,0.0,0.0,0.0,0.0,0.0,0.0,0.0,0.0,0.0,0.0,0.0,0.0,0.0,0.0,0.0,0.0,0.0,0.0,0.0,0.0,0.0,0.0,0.0
91,R2,Sinterizacao,Oleo combustivel,0.0,0.0,0.0,0.0,0.0,0.0,0.0,0.0,0.0,0.0,0.0,0.0,0.0,0.0,0.0,0.0,0.0,0.0,0.0,0.0,0.0,0.0,0.0,0.0,0.0,0.0,0.0,0.0,0.0,0.0,0.0,0.0,0.0,0.0,0.0,0.0,0.0,0.0,0.0,0.0,0.0,0.0,0.0,0.0,0.0,0.0
93,R2,Sinterizacao,GLP,0.0,0.0,0.0,0.0,0.0,0.0,0.0,0.0,0.0,0.0,0.0,0.0,0.0,0.0,0.0,0.0,0.0,0.0,0.0,0.0,0.0,0.0,0.0,0.0,0.0,0.0,0.0,0.0,0.0,0.0,0.0,0.0,0.0,0.0,0.0,0.0,0.0,0.0,0.0,0.0,0.0,0.0,0.0,0.0,0.0,0.0
95,R2,Sinterizacao,Gas cidade,0.0,0.0,0.0,0.0,0.0,0.0,0.0,0.0,0.0,0.0,0.0,0.0,0.0,0.0,0.0,0.0,0.0,0.0,0.0,0.0,0.0,0.0,0.0,0.0,0.0,0.0,0.0,0.0,0.0,0.0,0.0,0.0,0.0,0.0,0.0,0.0,0.0,0.0,0.0,0.0,0.0,0.0,0.0,0.0,0.0,0.0
96,R2,Sinterizacao,Coque de carvao mineral,0.0,0.0,0.0,0.0,0.0,0.0,0.0,0.0,0.0,0.0,0.0,0.0,0.0,0.0,0.0,0.0,0.0,0.0,0.0,0.0,0.0,0.0,0.0,0.0,0.0,0.0,0.0,0.0,0.0,0.0,0.0,0.0,0.0,0.0,0.0,0.0,0.0,0.0,0.0,0.0,0.0,0.0,0.0,0.0,0.0,0.0
97,R2,Sinterizacao,Eletricidade,0.09206525472543743,0.09120319395279741,0.09142592662714186,0.0934971602100143,0.10247638119810758,0.0969547732992246,0.09677376340298603,0.09725129167886991,0.0958387843165006,0.09813966474894584,0.10145891643028015,0.09638875716417367,0.09587527048206625,0.0948443179719386,0.0943406793800233,0.0943406793800233,0.09187643479417724,0.08939730529549635,0.08690276252538309,0.084392234685487,0.08186510124864878,0.07932068679154346,0.07675825376163448,0.0741769939420672,0.07157601831396516,0.06895434493078775,0.06631088430626014,0.06364442166489785,0.06095359519643266,0.05823686916926118,0.05549250035889859,0.052718495683419554,0.049912558129608806,0.04707201687748791,0.04419373579120086,0.04127399182415299,0.038308310861895144,0.03529124220969959,0.03221604277750524,0.029074225250641118,0.025854896018741316,0.022543758464905733,0.01912156548578747,0.015561629786868765,0.011825647603240133,0.007856336338379868
98,R2,Sinterizacao,Carvao vegetal,0.5797616649596625,0.5775651300144625,0.5808412553881608,0.6321109793391008,0.6535525299565955,0.7334969197186888,0.6628129332424922,0.6531229936802864,0.6166184542761808,0.637003608949937,0.7407746727313584,0.728629515956311,0.705382732203397,0.7018984481435753,0.6709433126510035,0.6709433126510035,0.6534086999525751,0.6357495533261484,0.6179613801773967,0.6000393276395689,0.5819781395809857,0.5637721065984922,0.5454150075104199,0.5269000404710428,0.5082197413131118,0.48936588603991366,0.47032937346800785,0.45110008277181535,0.43166669896322724,0.41201649694809506,0.39213507142752335,0.37200599508163223,0.3516103804486618,0.3309263105203195,0.30992808741345673,0.28858522439380774,0.26686106865400494,0.2447108812040159,0.22207909910306198,0.19889533248285157,0.17506834313911968,0.1504766886830867,0.12495363117323849,0.09826170090435177,0.07004751326379338,0.03975618892642174
102,R2,Alto-forno,Gas natural,0.10059809153229811,0.09688835995169505,0.09770621391284176,0.09340903309683928,0.07717046972452259,0.0737432088801028,0.0872157928130943,0.0955162399510956,0.09994125340760253,0.08298238188645356,0.10396391471600862,0.08881582690102886,0.09228356134152119,0.0909401187730699,0.10117781313769128,0.10117781313769128,0.10079837834169424,0.10041894333066043,0.10003950788767689,0.09966007179376167,0.09928063482783858,0.09890119676671205,0.09852175738504115,0.09814231645531367,0.0977628737478194,0.0973834290306235,0.0970039820695389,0.09662453262809889,0.09624508046752886,0.09586562534671779,0.09548616702218932,0.09510670524807242,0.09472723977607155,0.09434777035543637,0.09396829673293106,0.09358881865280314,0.09320933585675187,0.092829848083896,0.09245035507074136,0.09207085655114754,0.09169135225629449,0.09131184191464822,0.09093232525192631,0.0905528019910626,0.09017327185217161,0.08979373455251216
103,R2,Alto-forno,Carvao metalurgico,0.0,0.0,0.0,0.0,0.0,0.0,0.0,0.0,0.0,0.0,0.0,0.0,0.0,0.0,0.0,0.0,0.0,0.0,0.0,0.0,0.0,0.0,0.0,0.0,0.0,0.0,0.0,0.0,0.0,0.0,0.0,0.0,0.0,0.0,0.0,0.0,0.0,0.0,0.0,0.0,0.0,0.0,0.0,0.0,0.0,0.0
106,R2,Alto-forno,Outras fontes secundarias,0.27050655217615627,0.30314700210900875,0.32648228837221266,0.31064068322159477,0.47041006888702147,0.08068136024629513,0.08134307144328735,0.07920220645971418,0.07611658196756825,0.07714701767917757,0.07710734792692879,0.0725177856923623,0.07232580758976714,0.07214625254431924,0.0715626607002662,0.0715626607002662,0.07129428353334784,0.07102589728749337,0.07075750179980311,0.07048909690585045,0.07022068243966346,0.06995225823370614,0.06968382411885941,0.06941537992440186,0.06914692547799016,0.06887846060563925,0.06860998513170216,0.06834149887884952,0.06807300166804896,0.06780449331854382,0.06753597364783202,0.06726744247164419,0.06699889960392164,0.06673034485679416,0.06646177804055715,0.06619319896364868,0.06592460743262608,0.0656560032521421,0.06538738622492099,0.0651187561517338,0.06485011283137371,0.06458145606063066,0.06431278563426573,0.06404410134498523,0.0637754029834141,0.06350669033806916
107,R2,Alto-forno,Oleo diesel,0.0,0.0,0.0,0.0,0.0,0.0,0.0,0.0,0.0,0.0,0.0,0.0,0.0,0.0,0.0,0.0,0.0,0.0,0.0,0.0,0.0,0.0,0.0,0.0,0.0,0.0,0.0,0.0,0.0,0.0,0.0,0.0,0.0,0.0,0.0,0.0,0.0,0.0,0.0,0.0,0.0,0.0,0.0,0.0,0.0,0.0
108,R2,Alto-forno,Oleo combustivel,0.0,0.0,0.0,0.0,0.0,0.0,0.0,0.0,0.0,0.0,0.0,0.0,0.0,0.0,0.0,0.0,0.0,0.0,0.0,0.0,0.0,0.0,0.0,0.0,0.0,0.0,0.0,0.0,0.0,0.0,0.0,0.0,0.0,0.0,0.0,0.0,0.0,0.0,0.0,0.0,0.0,0.0,0.0,0.0,0.0,0.0
110,R2,Alto-forno,GLP,0.0,0.0,0.0,0.0,0.0,0.0,0.0,0.0,0.0,0.0,0.0,0.0,0.0,0.0,0.0,0.0,0.0,0.0,0.0,0.0,0.0,0.0,0.0,0.0,0.0,0.0,0.0,0.0,0.0,0.0,0.0,0.0,0.0,0.0,0.0,0.0,0.0,0.0,0.0,0.0,0.0,0.0,0.0,0.0,0.0,0.0
112,R2,Alto-forno,Gas cidade,0.0,0.0,0.0,0.0,0.0,0.0,0.0,0.0,0.0,0.0,0.0,0.0,0.0,0.0,0.0,0.0,0.0,0.0,0.0,0.0,0.0,0.0,0.0,0.0,0.0,0.0,0.0,0.0,0.0,0.0,0.0,0.0,0.0,0.0,0.0,0.0,0.0,0.0,0.0,0.0,0.0,0.0,0.0,0.0,0.0,0.0
113,R2,Alto-forno,Coque de carvao mineral,0.0,0.0,0.0,0.0,0.0,0.0,0.0,0.0,0.0,0.0,0.0,0.0,0.0,0.0,0.0,0.0,0.0,0.0,0.0,0.0,0.0,0.0,0.0,0.0,0.0,0.0,0.0,0.0,0.0,0.0,0.0,0.0,0.0,0.0,0.0,0.0,0.0,0.0,0.0,0.0,0.0,0.0,0.0,0.0,0.0,0.0
114,R2,Alto-forno,Eletricidade,0.42360660555750407,0.4196401294013105,0.4206649571977162,0.4301950261686206,0.47150982331614805,0.4461040436195535,0.4452711888368605,0.4474683709617366,0.4409692041383495,0.4515559141049761,0.46682830912429474,0.4434997150444059,0.44113708268048973,0.43639350928128967,0.4340761895173325,0.4340761895173325,0.4324482804053754,0.4308202779198575,0.4291921810265701,0.42756398868174994,0.42593569983196394,0.4243073134139922,0.42267882835470905,0.42105024357096255,0.41942155796945224,0.41779277044660484,0.4161638798884485,0.4145348851704845,0.4129057851575576,0.41127657870372464,0.4096472646521201,0.40801784183482087,0.4063883090727081,0.40475866517532755,0.40312890894074693,0.40149903915541246,0.3998690545940019,0.39823895401927584,0.396608736181927,0.3949783998204267,0.39334794366086917,0.39171736641681343,0.39008666678912274,0.38845584346580175,0.3868248951218304,0.3851938204189959
115,R2,Alto-forno,Carvao vegetal,6.580130503625356,6.555200454833332,6.592383548866762,7.174280377981021,7.417635897654819,8.324982052913057,7.522738849126509,7.412760782715385,6.998444611482399,7.229810336739926,8.407582485971787,8.269738400381268,8.005893996501314,7.9663483604045835,7.615016350012523,7.615016350012523,7.586455837337464,7.557889609479973,7.529317642167488,7.5007399109233015,7.4721563910641375,7.443567057697666,7.41497188572001,7.386370849813179,7.357763924442504,7.3291510838539935,7.3005323020716775,7.2719075528948975,7.243276809895559,7.214640046415336,7.185997235562841,7.1573483502107385,7.128693362992831,7.1000322463010805,7.071364972282593,7.042691512836557,7.014011839611127,6.985325924000264,6.956633737140522,6.927935249907779,6.89923043291393,6.870519256503511,6.841801690750274,6.813077705453711,6.7843472701355205,6.755610354036006
119,R2,Aciaria,Gas natural,0.26155503798397506,0.25190973587440707,0.2540361561733886,0.24286348605178207,0.20064322128375867,0.19173234308826725,0.22676106131404516,0.24834222387284852,0.25984725885976656,0.2157541929047792,0.27030617826162234,0.230921149942675,0.23993725948795508,0.23644430880998174,0.26306231415799725,0.26306231415799725,0.26087235526845953,0.25868239421029343,0.2564924288024812,0.2543024568503906,0.25211247614566484,0.2499224844661119,0.2477324795755921,0.2455424592239054,0.24335242114667685,0.24116236306524128,0.23897228268652654,0.23678217770293625,0.23459204579223056,0.2324018846174059,0.23021169182657442,0.22802146505284043,0.2258312019141779,0.2236409000133044,0.2214505569375556,0.21926017025875733,0.21706973753309705,0.2148792563009937,0.21268872408696612,0.21049813839950068,0.20830749673091664,0.20611679655723103,0.20392603533802175,0.20173521051628934,0.19954431951831708,0.1973533597535302
120,R2,Aciaria,Carvao metalurgico,0.0,0.0,0.0,0.0,0.0,0.0,0.0,0.0,0.0,0.0,0.0,0.0,0.0,0.0,0.0,0.0,0.0,0.0,0.0,0.0,0.0,0.0,0.0,0.0,0.0,0.0,0.0,0.0,0.0,0.0,0.0,0.0,0.0,0.0,0.0,0.0,0.0,0.0,0.0,0.0,0.0,0.0,0.0,0.0,0.0,0.0
123,R2,Aciaria,Outras fontes secundarias,0.21139777312239694,0.23690591099931127,0.25514217001607076,0.2427621369832883,0.36762008246037264,0.06305155920011041,0.06356867892371408,0.061895617452772826,0.05948423724373893,0.06028951095347943,0.0602585094963308,0.05667181916225641,0.05652179047330085,0.05638147026125712,0.05592539991747903,0.05592539991747903,0.05545928533771508,0.054992078601953966,0.0545237707480663,0.05405435270913965,0.05358381531193576,0.053112149275320625,0.052639345208666435,0.05216539361022508,0.05169028486547261,0.0512140092454238,0.05073655690491652,0.05025791788086507,0.04977808209048176,0.04929703932946639,0.04881477927016252,0.0483312914596801,0.04784656531798375,0.04736059013594575,0.04687335507336315,0.0463848491569382,0.045895061278221266,0.04540398019151541,0.044911594511741836,0.04441789271226534,0.04392286312267885,0.043426493926546246,0.04292877315910237,0.042429688704909464,0.04192922829546899,0.041427379506787765
124,R2,Aciaria,Oleo diesel,0.0,0.0,0.0,0.0,0.0,0.0,0.0,0.0,0.0,0.0,0.0,0.0,0.0,0.0,0.0,0.0,0.0,0.0,0.0,0.0,0.0,0.0,0.0,0.0,0.0,0.0,0.0,0.0,0.0,0.0,0.0,0.0,0.0,0.0,0.0,0.0,0.0,0.0,0.0,0.0,0.0,0.0,0.0,0.0,0.0,0.0
125,R2,Aciaria,Oleo combustivel,0.0,0.0,0.0,0.0,0.0,0.0,0.0,0.0,0.0,0.0,0.0,0.0,0.0,0.0,0.0,0.0,0.0,0.0,0.0,0.0,0.0,0.0,0.0,0.0,0.0,0.0,0.0,0.0,0.0,0.0,0.0,0.0,0.0,0.0,0.0,0.0,0.0,0.0,0.0,0.0,0.0,0.0,0.0,0.0,0.0,0.0
127,R2,Aciaria,GLP,0.04604416786707718,0.040331713814452726,0.03694088707949433,0.03822842225332556,0.04859659874968115,0.02809117569573087,0.009680290931119565,0.007197427179475012,0.007006753983851519,0.00954911621880253,0.009733719247757877,0.023588432500380167,0.015002569378638943,0.01146293988008458,0.0087935883842297,0.0087935883842297,0.00872027933352426,0.008646761733592093,0.008573033555327453,0.008499092741059157,0.008424937204036687,0.008350564827905015,0.008275973466167878,0.008201160941639215,0.008126125045882431,0.0080508635386372,0.00797537414723344,0.007899654565992181,0.007823702455612917,0.007747515442547113,0.0076710911183575075,0.007594427039062817,0.007517520724467439,0.007440369657475772,0.007362971283390723,0.0072853230091959684,0.007207422202821542,0.0071292661923922675,0.00705085226545859,0.006972177668209293,0.006893239604665631,0.006814035235856315,0.006734561678972869,0.006654816006504754,0.0065747952453537204,0.006494496375926801
129,R2,Aciaria,Gas cidade,0.0,0.0,0.0,0.0,0.0,0.0,0.0,0.0,0.0,0.0,0.0,0.0,0.0,0.0,0.0,0.0,0.0,0.0,0.0,0.0,0.0,0.0,0.0,0.0,0.0,0.0,0.0,0.0,0.0,0.0,0.0,0.0,0.0,0.0,0.0,0.0,0.0,0.0,0.0,0.0,0.0,0.0,0.0,0.0,0.0,0.0
130,R2,Aciaria,Coque de carvao mineral,0.0,0.0,0.0,0.0,0.0,0.0,0.0,0.0,0.0,0.0,0.0,0.0,0.0,0.0,0.0,0.0,0.0,0.0,0.0,0.0,0.0,0.0,0.0,0.0,0.0,0.0,0.0,0.0,0.0,0.0,0.0,0.0,0.0,0.0,0.0,0.0,0.0,0.0,0.0,0.0,0.0,0.0,0.0,0.0,0.0,0.0
131,R2,Aciaria,Eletricidade,0.9813198249347205,0.972131154040222,0.9745052526037546,0.996582447556453,1.0922916007474586,1.0334370055709257,1.0315076284110185,1.0365975829817116,1.0215417241596942,1.0460667155899197,1.081446484956281,1.0274038624898048,1.0219306287221395,1.0109417476315303,1.0055734842587454,1.0055734842587454,0.9971900445450362,0.9887820932971578,0.9803493860535109,0.9718916748156443,0.9634087079826963,0.9549002302843482,0.9463659827122586,0.9378057024499334,0.9292191228009881,0.9206059731157633,0.9119659787162453,0.9032988608192452,0.894604336457792,0.8858821184006872,0.8771319150701717,0.8683534304576528,0.8595463640374366,0.8507104106784102,0.841845260553617,0.8329505990476627,0.8240261066618956,0.8150714589172925,0.8060863262549895,0.7970703739343843,0.7880232619287469,0.7789446448182616,0.7698341716804269,0.7606914859777358,0.7515162254425605,0.7423080219591511
132,R2,Aciaria,Carvao vegetal,0.0,0.0,0.0,0.0,0.0,0.0,0.0,0.0,0.0,0.0,0.0,0.0,0.0,0.0,0.0,0.0,0.0,0.0,0.0,0.0,0.0,0.0,0.0,0.0,0.0,0.0,0.0,0.0,0.0,0.0,0.0,0.0,0.0,0.0,0.0,0.0,0.0,0.0,0.0,0.0,0.0,0.0,0.0,0.0,0.0,0.0
136,R2,Laminacao,Gas natural,1.7890983663282554,1.7231222169870686,1.7376674351268473,1.6612437270760951,1.3724471231007398,1.3114946071599818,1.5510993306451846,1.698719590514869,1.7774167529105926,1.4758097455498507,1.8489582371031685,1.5795553215013747,1.641227644781515,1.6173350354102891,1.7994084921103246,1.7994084921103246,1.7801804859647574,1.7609520294733898,1.7417226578469363,1.7224918899198458,1.703259227434266,1.6840241542840988,1.6647861357164335,1.6455446174874218,1.6262990249694296,1.607048762206035,1.5877932109111608,1.568531729408321,1.5492636515056188,1.5299882853017603,1.5107049119179463,1.4914127841500402,1.472111125034933,1.452799126324468,1.4334759468596958,1.414140710837564,1.3947925059614124,1.375430381465843,1.3560533460056308,1.3366603653973468,1.3172503602012708,1.297822203129939,1.2783747162683072,1.2589066680890018,1.2394167702444252,1.2199036741155935
137,R2,Laminacao,Carvao metalurgico,0.0,0.0,0.0,0.0,0.0,0.0,0.0,0.0,0.0,0.0,0.0,0.0,0.0,0.0,0.0,0.0,0.0,0.0,0.0,0.0,0.0,0.0,0.0,0.0,0.0,0.0,0.0,0.0,0.0,0.0,0.0,0.0,0.0,0.0,0.0,0.0,0.0,0.0,0.0,0.0,0.0,0.0,0.0,0.0,0.0,0.0
140,R2,Laminacao,Outras fontes secundarias,0.30199681874628126,0.33843701571330176,0.36448881430867247,0.34680305283326895,0.5251715463719608,0.09007365600015772,0.09081239846244867,0.08842231064681831,0.08497748177676988,0.08612787279068489,0.08608358499475827,0.08095974166036628,0.08074541496185834,0.0805449575160816,0.07989342845354146,0.07989342845354146,0.07903812507759558,0.07817962331408924,0.07731788408451849,0.0764528669459179,0.07558453001921694,0.07471282991284674,0.07383772164121473,0.0729591585376297,0.0720770921612183,0.07119147219733005,0.07030224635087813,0.06940936023200778,0.06851275723342191,0.06761237839862573,0.06670816228027328,0.06580004478771403,0.0648879590227391,0.06397183510241872,0.06305159996779916,0.062127177177088835,0.06119848668180753,0.06026544458419483,0.059327962873974426,0.05838594914234188,0.057439306270785986,0.05648793209205719,0.05553171902026001,0.05457055364666047,0.05360431629735683,0.05263288054845303
141,R2,Laminacao,Oleo diesel,0.0,0.0,0.0,0.0,0.0,0.0,0.0,0.0,0.0,0.0,0.0,0.0,0.0,0.0,0.0,0.0,0.0,0.0,0.0,0.0,0.0,0.0,0.0,0.0,0.0,0.0,0.0,0.0,0.0,0.0,0.0,0.0,0.0,0.0,0.0,0.0,0.0,0.0,0.0,0.0,0.0,0.0,0.0,0.0,0.0,0.0
142,R2,Laminacao,Oleo combustivel,0.5482583108056139,0.7494993583074778,0.9030160218204655,0.8392459909154805,0.9390361134525639,1.0003819285504774,0.16220136862828405,0.15820834209082152,0.22403722380710625,0.19478024440310643,0.011639039783079733,0.012037893354764545,0.015865640815425647,0.0,0.011163305170569734,0.011163305170569734,0.01104378595010786,0.010923799883660516,0.010803341167356473,0.010682403798163547,0.010560981563439256,0.01043906802978316,0.010316656531134233,0.010193740156051085,0.010070311734106859,0.009946363821323835,0.009821888684565384,0.009696878284794501,0.009571324259098788,0.009445217901371433,0.009318550141525913,0.009191311523109133,0.009063492179162908,0.008935081806167174,0.008806069635879505,0.008676444404864531,0.00854619432148279,0.00841530703008163,0.008283769572099862,0.008151568343762981,0.008018689050005866,0.007885116654214236,0.007750835323324165,0.007615828367758952,0.0074800781756141025,0.0073435661404218176
144,R2,Laminacao,GLP,2.1640758897526275,1.8955905492792782,1.7362216927362333,1.796735845906301,2.2840401412350135,1.320285257699351,0.45497367376261955,0.33827907743532554,0.32931743724102136,0.4488084622837189,0.45748480464462027,1.1086563275178678,0.7051207607960304,0.5387581743639752,0.41329865405879584,0.41329865405879584,0.4088736471580113,0.4044312530101302,0.39997125490484625,0.39549342871211335,0.39099754249291707,0.38648335608400736,0.38195062065447616,0.37739907823185814,0.37282846119520735,0.36823849173235096,0.3636288812582419,0.35899932979101784,0.35434952528202723,0.34967914289568985,0.34498784423462436,0.34027527650498196,0.33554107161637414,0.3307848452101609,0.3260061956091654,0.3212047026810871,0.3163799266069924,0.3115314065452432,0.30665865918007257,0.3017611771427005,0.2968384272913897,0.29188984883512714,0.28691485128366223,0.28191281220438386,0.276883074763936,0.271824945029495
146,R2,Laminacao,Gas cidade,0.0,0.0,0.0,0.0,0.0,0.0,0.0,0.0,0.0,0.0,0.0,0.0,0.0,0.0,0.0,0.0,0.0,0.0,0.0,0.0,0.0,0.0,0.0,0.0,0.0,0.0,0.0,0.0,0.0,0.0,0.0,0.0,0.0,0.0,0.0,0.0,0.0,0.0,0.0,0.0,0.0,0.0,0.0,0.0,0.0,0.0
147,R2,Laminacao,Coque de carvao mineral,0.0,0.0,0.0,0.0,0.0,0.0,0.0,0.0,0.0,0.0,0.0,0.0,0.0,0.0,0.0,0.0,0.0,0.0,0.0,0.0,0.0,0.0,0.0,0.0,0.0,0.0,0.0,0.0,0.0,0.0,0.0,0.0,0.0,0.0,0.0,0.0,0.0,0.0,0.0,0.0,0.0,0.0,0.0,0.0,0.0,0.0
148,R2,Laminacao,Eletricidade,1.130859342725749,1.1202704459519912,1.1230063241773203,1.1484477771461292,1.2587416765663502,1.1909184581552152,1.1886950707014179,1.1945606636855406,1.1772105009974783,1.2054727606445659,1.2462439156898573,1.1839659478258326,1.1776586692161315,1.164995235204448,1.1588089230205172,1.1588089230205172,1.1463967678709255,1.1339251325211266,1.1213932039559145,1.1088001429363221,1.0961450826355776,1.0834271271808327,1.0706453500926512,1.0577987926134305,1.0448864619150329,1.0319073291748821,1.0188603275086634,1.00574434974648,0.9925582460379041,0.9793008212697436,0.9659708322785403,0.9525669848377657,0.9390879303973629,0.9255322625506599,0.9118985132006897,0.8981851483945648,0.8843905637906696,0.8705130797190229,0.8565509357900725,0.8425022850013839,0.8283651872849801,0.8141376024303644,0.7998173823093491,0.7854022623184541,0.770889851942634,0.7562776243300917
149,R2,Laminacao,Carvao vegetal,0.0,0.0,0.0,0.0,0.0,0.0,0.0,0.0,0.0,0.0,0.0,0.0,0.0,0.0,0.0,0.0,0.0,0.0,0.0,0.0,0.0,0.0,0.0,0.0,0.0,0.0,0.0,0.0,0.0,0.0,0.0,0.0,0.0,0.0,0.0,0.0,0.0,0.0,0.0,0.0,0.0,0.0,0.0,0.0,0.0,0.0
153,R2,Flare,Gas natural,0.0,0.0,0.0,0.0,0.0,0.0,0.0,0.0,0.0,0.0,0.0,0.0,0.0,0.0,0.0,0.0,0.0,0.0,0.0,0.0,0.0,0.0,0.0,0.0,0.0,0.0,0.0,0.0,0.0,0.0,0.0,0.0,0.0,0.0,0.0,0.0,0.0,0.0,0.0,0.0,0.0,0.0,0.0,0.0,0.0,0.0
154,R2,Flare,Carvao metalurgico,0.0,0.0,0.0,0.0,0.0,0.0,0.0,0.0,0.0,0.0,0.0,0.0,0.0,0.0,0.0,0.0,0.0,0.0,0.0,0.0,0.0,0.0,0.0,0.0,0.0,0.0,0.0,0.0,0.0,0.0,0.0,0.0,0.0,0.0,0.0,0.0,0.0,0.0,0.0,0.0,0.0,0.0,0.0,0.0,0.0,0.0
157,R2,Flare,Outras fontes secundarias,0.4444773691291422,0.498109864152398,0.5364527677260975,0.5104229546828113,0.7729447887628348,0.13256994498484753,0.13365722235242444,0.13013950336224028,0.1250694218970921,0.12676256149193108,0.12669737894100322,0.11915613259756473,0.11884068766181204,0.1185456554211047,0.11758673828803282,0.11758673828803282,0.11758673828803282,0.11758673828803282,0.11758673828803282,0.11758673828803282,0.11758673828803282,0.11758673828803282,0.11758673828803282,0.11758673828803282,0.11758673828803282,0.11758673828803282,0.11758673828803282,0.11758673828803282,0.11758673828803282,0.11758673828803282,0.11758673828803282,0.11758673828803282,0.11758673828803282,0.11758673828803282,0.11758673828803282,0.11758673828803282,0.11758673828803282,0.11758673828803282,0.11758673828803282,0.11758673828803282,0.11758673828803282,0.11758673828803282,0.11758673828803282,0.11758673828803282,0.11758673828803282,0.11758673828803282
158,R2,Flare,Oleo diesel,0.0,0.0,0.0,0.0,0.0,0.0,0.0,0.0,0.0,0.0,0.0,0.0,0.0,0.0,0.0,0.0,0.0,0.0,0.0,0.0,0.0,0.0,0.0,0.0,0.0,0.0,0.0,0.0,0.0,0.0,0.0,0.0,0.0,0.0,0.0,0.0,0.0,0.0,0.0,0.0,0.0,0.0,0.0,0.0,0.0,0.0
159,R2,Flare,Oleo combustivel,1.0416907905306663,1.4240487807842077,1.7157304414588843,1.5945673827394127,1.7841686155598713,1.9007256642459067,0.3081826003937397,0.3005958499725609,0.42567072523350186,0.3700824643659022,0.02211417558785149,0.022871997374052634,0.03014471754930872,0.0,0.021210279824082492,0.021210279824082492,0.021210279824082492,0.021210279824082492,0.021210279824082492,0.021210279824082492,0.021210279824082492,0.021210279824082492,0.021210279824082492,0.021210279824082492,0.021210279824082492,0.021210279824082492,0.021210279824082492,0.021210279824082492,0.021210279824082492,0.021210279824082492,0.021210279824082492,0.021210279824082492,0.021210279824082492,0.021210279824082492,0.021210279824082492,0.021210279824082492,0.021210279824082492,0.021210279824082492,0.021210279824082492,0.021210279824082492,0.021210279824082492,0.021210279824082492,0.021210279824082492,0.021210279824082492,0.021210279824082492,0.021210279824082492
161,R2,Flare,GLP,0.1841766714683087,0.1613268552578109,0.14776354831797733,0.15291368901330224,0.1943863949987246,0.11236470278292349,0.03872116372447826,0.02878970871790005,0.028027015935406074,0.03819646487521012,0.03893487699103151,0.09435373000152067,0.060010277514555774,0.04585175952033832,0.0351743535369188,0.0351743535369188,0.0351743535369188,0.0351743535369188,0.0351743535369188,0.0351743535369188,0.0351743535369188,0.0351743535369188,0.0351743535369188,0.0351743535369188,0.0351743535369188,0.0351743535369188,0.0351743535369188,0.0351743535369188,0.0351743535369188,0.0351743535369188,0.0351743535369188,0.0351743535369188,0.0351743535369188,0.0351743535369188,0.0351743535369188,0.0351743535369188,0.0351743535369188,0.0351743535369188,0.0351743535369188,0.0351743535369188,0.0351743535369188,0.0351743535369188,0.0351743535369188,0.0351743535369188,0.0351743535369188,0.0351743535369188
163,R2,Flare,Gas cidade,0.0,0.0,0.0,0.0,0.0,0.0,0.0,0.0,0.0,0.0,0.0,0.0,0.0,0.0,0.0,0.0,0.0,0.0,0.0,0.0,0.0,0.0,0.0,0.0,0.0,0.0,0.0,0.0,0.0,0.0,0.0,0.0,0.0,0.0,0.0,0.0,0.0,0.0,0.0,0.0,0.0,0.0,0.0,0.0,0.0,0.0
164,R2,Flare,Coque de carvao mineral,0.0,0.0,0.0,0.0,0.0,0.0,0.0,0.0,0.0,0.0,0.0,0.0,0.0,0.0,0.0,0.0,0.0,0.0,0.0,0.0,0.0,0.0,0.0,0.0,0.0,0.0,0.0,0.0,0.0,0.0,0.0,0.0,0.0,0.0,0.0,0.0,0.0,0.0,0.0,0.0,0.0,0.0,0.0,0.0,0.0,0.0
165,R2,Flare,Eletricidade,0.0,0.0,0.0,0.0,0.0,0.0,0.0,0.0,0.0,0.0,0.0,0.0,0.0,0.0,0.0,0.0,0.0,0.0,0.0,0.0,0.0,0.0,0.0,0.0,0.0,0.0,0.0,0.0,0.0,0.0,0.0,0.0,0.0,0.0,0.0,0.0,0.0,0.0,0.0,0.0,0.0,0.0,0.0,0.0,0.0,0.0
166,R2,Flare,Carvao vegetal,0.0,0.0,0.0,0.0,0.0,0.0,0.0,0.0,0.0,0.0,0.0,0.0,0.0,0.0,0.0,0.0,0.0,0.0,0.0,0.0,0.0,0.0,0.0,0.0,0.0,0.0,0.0,0.0,0.0,0.0,0.0,0.0,0.0,0.0,0.0,0.0,0.0,0.0,0.0,0.0,0.0,0.0,0.0,0.0,0.0,0.0
170,R3,Aciaria,Gas natural,1.0678874331890107,1.0285072056410702,1.0371890399978587,0.9915728128741399,0.8191942170757012,0.7828125250349374,0.9258291852466932,1.0139416240962456,1.060914843865319,0.88088990002543,1.103616940831476,0.9428141624878448,0.9796254973176863,0.9653643377448957,1.0740414010001071,1.0740414010001071,1.0597797811652592,1.045517850836167,1.0312552887152304,1.01699176113822,1.002726921393318,0.9884604089907659,0.9741918488786702,0.9599208506000279,0.9456470073854902,0.9313698951757695,0.9170890715669022,0.9028040746707882,0.8885144218825395,0.8742196085451496,0.859919106500831,0.8456123625170492,0.8312987965737484,0.8169777999965254,0.8026487334184863,0.7883109245511977,0.773963665742446,0.7596062112953929,0.7452377745200612,0.7308575244838378,0.716464582422671,0.7020580177687832,0.6876368437437854,0.6732000124578785,0.6587464094460778,0.6442748475607716
171,R3,Aciaria,Carvao metalurgico,0.029605908045762568,0.033057088902872636,0.03217706915185111,0.03408933573247099,0.04004020050276212,0.03021339108800658,0.03052067351065475,0.03010359333637624,0.030442117078652776,0.03392188332092073,0.034186381451573204,0.03341293705822151,0.036020851837406505,0.03766240343302061,0.03761266034661763,0.03761266034661763,0.03711286432801842,0.0366123420298234,0.03611108209547144,0.03560907272472745,0.03510630164959249,0.034602756108510324,0.03409842281872063,0.03359328794659306,0.03308733707575807,0.03258055517283091,0.03207292655050177,0.03156443482773969,0.031055062886828442,0.03054479282691931,0.030033605913747884,0.029521482525118745,0.029008402091712352,0.02849434303271143,0.02797928268567917,0.027463197230045425,0.02694606160347008,0.026427849410251166,0.02590853282082686,0.025388082461282498,0.02486646729161164,0.024343654471289368,0.0238196092104907,0.02329429460501997,0.02276767145269821,0.02223969804857545
174,R3,Aciaria,Outras fontes secundarias,0.0,0.0,0.0,0.0,0.0,0.0,0.0,0.0,0.0,0.0,0.0,0.0,0.0,0.0,0.0,0.0,0.0,0.0,0.0,0.0,0.0,0.0,0.0,0.0,0.0,0.0,0.0,0.0,0.0,0.0,0.0,0.0,0.0,0.0,0.0,0.0,0.0,0.0,0.0,0.0,0.0,0.0,0.0,0.0,0.0,0.0
175,R3,Aciaria,Oleo diesel,0.0,0.0,0.0,0.0,0.0,0.0,0.0,0.0,0.0,0.0,0.0,0.0,0.0,0.0,0.0,0.0,0.0,0.0,0.0,0.0,0.0,0.0,0.0,0.0,0.0,0.0,0.0,0.0,0.0,0.0,0.0,0.0,0.0,0.0,0.0,0.0,0.0,0.0,0.0,0.0,0.0,0.0,0.0,0.0,0.0,0.0
176,R3,Aciaria,Oleo combustivel,0.0,0.0,0.0,0.0,0.0,0.0,0.0,0.0,0.0,0.0,0.0,0.0,0.0,0.0,0.0,0.0,0.0,0.0,0.0,0.0,0.0,0.0,0.0,0.0,0.0,0.0,0.0,0.0,0.0,0.0,0.0,0.0,0.0,0.0,0.0,0.0,0.0,0.0,0.0,0.0,0.0,0.0,0.0,0.0,0.0,0.0
178,R3,Aciaria,GLP,0.0,0.0,0.0,0.0,0.0,0.0,0.0,0.0,0.0,0.0,0.0,0.0,0.0,0.0,0.0,0.0,0.0,0.0,0.0,0.0,0.0,0.0,0.0,0.0,0.0,0.0,0.0,0.0,0.0,0.0,0.0,0.0,0.0,0.0,0.0,0.0,0.0,0.0,0.0,0.0,0.0,0.0,0.0,0.0,0.0,0.0
180,R3,Aciaria,Gas cidade,0.0,0.0,0.0,0.0,0.0,0.0,0.0,0.0,0.0,0.0,0.0,0.0,0.0,0.0,0.0,0.0,0.0,0.0,0.0,0.0,0.0,0.0,0.0,0.0,0.0,0.0,0.0,0.0,0.0,0.0,0.0,0.0,0.0,0.0,0.0,0.0,0.0,0.0,0.0,0.0,0.0,0.0,0.0,0.0,0.0,0.0
181,R3,Aciaria,Coque de carvao mineral,0.16367418957351565,0.1750177567480272,0.17469318813820087,0.17403196163236614,0.20992370283834497,0.2031516976873481,0.20478843808541622,0.2027164620108123,0.20495286106279842,0.19918982726248888,0.19957212482830694,0.19356385280547012,0.19244489603592968,0.19329313500435852,0.1936698409069042,0.1936698409069042,0.191096296680842,0.18851888321633517,0.18593754143782226,0.1833522099824105,0.18076282507589292,0.17816932040001238,0.17557162695020417,0.17296967288296636,0.17036338335191553,0.16775268033148302,0.1651374824270893,0.1625177046705035,0.15989325829894352,0.15726405051630565,0.15462998423471486,0.15199095779437005,0.149346864659402,0.1466975930871755,0.14404302576812872,0.14138303943286135,0.1387175044227351,0.1360462842197329,0.13336923493072095,0.13068620472055245,0.1279970331876278,0.125301550674553,0.12259957750539323,0.11989092313965485,0.11717538523151401,0.11445274858086954
182,R3,Aciaria,Eletricidade,2.805063339062316,2.778797892053151,2.785584157524073,2.848690933335175,3.1222717069088146,2.954038208440536,2.9485231612551406,2.9630725921348167,2.9200360238859804,2.99013972769765,3.0912713786358768,2.9367927110541006,2.921147691970931,2.889736416358892,2.87439145093701,2.87439145093701,2.836190718995979,2.7979226527495404,2.7595863240368024,2.7211807704790987,2.682704993644945,2.644157957086634,2.605538584237328,2.5668457561563343,2.5280783091089036,2.489235031965471,2.4503146634035557,2.411315888893674,2.3722373374484853,2.3330775781119995,2.29383511616289,2.2545083890028805,2.215095761697556,2.1755955221328835,2.1360058757460196,2.0963249397835595,2.0565507370341565,2.0166811889751513,1.9767141082644886,1.936647190499337,1.8964780051513734,1.856203985575205,1.815822417970504,1.7753304291596566,1.7347249730203522,1.694002815385936
183,R3,Aciaria,Carvao vegetal,0.0,0.0,0.0,0.0,0.0,0.0,0.0,0.0,0.0,0.0,0.0,0.0,0.0,0.0,0.0,0.0,0.0,0.0,0.0,0.0,0.0,0.0,0.0,0.0,0.0,0.0,0.0,0.0,0.0,0.0,0.0,0.0,0.0,0.0,0.0,0.0,0.0,0.0,0.0,0.0,0.0,0.0,0.0,0.0,0.0,0.0
187,R3,Laminacao,Gas natural,1.7240965225689246,1.6605174305567427,1.6745341892139345,1.6008871210750608,1.322583127278741,1.2638451491143774,1.494744510673647,1.6370014047003154,1.7128393276318343,1.4221903603309118,1.7817815537482093,1.5221666333499408,1.581598266683917,1.5585737278953826,1.7340320590059703,1.7340320590059703,1.7152171801482592,1.6964019938478427,1.6775861816602604,1.658769412703025,1.6399513431558432,1.6211316157378048,1.602309859160316,1.5834856875544696,1.564658699871477,1.5458284792546861,1.5269945923816288,1.5081565887744413,1.4893140000768883,1.4704663392961212,1.4516131000071686,1.4327537555180334,1.413887757993131,1.3950145375326513,1.376133501205267,1.3572440320314414,1.3383454879143954,1.3194372005155994,1.3005184740714377,1.2815885841474575,1.2626467763263696,1.2436922648256883,1.224724231040614,1.2057418220074378,1.1867441487824109,1.1677302847306459
188,R3,Laminacao,Carvao metalurgico,0.0,0.0,0.0,0.0,0.0,0.0,0.0,0.0,0.0,0.0,0.0,0.0,0.0,0.0,0.0,0.0,0.0,0.0,0.0,0.0,0.0,0.0,0.0,0.0,0.0,0.0,0.0,0.0,0.0,0.0,0.0,0.0,0.0,0.0,0.0,0.0,0.0,0.0,0.0,0.0,0.0,0.0,0.0,0.0,0.0,0.0
191,R3,Laminacao,Outras fontes secundarias,0.0,0.0,0.0,0.0,0.0,0.0,0.0,0.0,0.0,0.0,0.0,0.0,0.0,0.0,0.0,0.0,0.0,0.0,0.0,0.0,0.0,0.0,0.0,0.0,0.0,0.0,0.0,0.0,0.0,0.0,0.0,0.0,0.0,0.0,0.0,0.0,0.0,0.0,0.0,0.0,0.0,0.0,0.0,0.0,0.0,0.0
192,R3,Laminacao,Oleo diesel,0.0,0.0,0.0,0.0,0.0,0.0,0.0,0.0,0.0,0.0,0.0,0.0,0.0,0.0,0.0,0.0,0.0,0.0,0.0,0.0,0.0,0.0,0.0,0.0,0.0,0.0,0.0,0.0,0.0,0.0,0.0,0.0,0.0,0.0,0.0,0.0,0.0,0.0,0.0,0.0,0.0,0.0,0.0,0.0,0.0,0.0
193,R3,Laminacao,Oleo combustivel,0.0,0.0,0.0,0.0,0.0,0.0,0.0,0.0,0.0,0.0,0.0,0.0,0.0,0.0,0.0,0.0,0.0,0.0,0.0,0.0,0.0,0.0,0.0,0.0,0.0,0.0,0.0,0.0,0.0,0.0,0.0,0.0,0.0,0.0,0.0,0.0,0.0,0.0,0.0,0.0,0.0,0.0,0.0,0.0,0.0,0.0
195,R3,Laminacao,GLP,0.0,0.0,0.0,0.0,0.0,0.0,0.0,0.0,0.0,0.0,0.0,0.0,0.0,0.0,0.0,0.0,0.0,0.0,0.0,0.0,0.0,0.0,0.0,0.0,0.0,0.0,0.0,0.0,0.0,0.0,0.0,0.0,0.0,0.0,0.0,0.0,0.0,0.0,0.0,0.0,0.0,0.0,0.0,0.0,0.0,0.0
197,R3,Laminacao,Gas cidade,0.0,0.0,0.0,0.0,0.0,0.0,0.0,0.0,0.0,0.0,0.0,0.0,0.0,0.0,0.0,0.0,0.0,0.0,0.0,0.0,0.0,0.0,0.0,0.0,0.0,0.0,0.0,0.0,0.0,0.0,0.0,0.0,0.0,0.0,0.0,0.0,0.0,0.0,0.0,0.0,0.0,0.0,0.0,0.0,0.0,0.0
198,R3,Laminacao,Coque de carvao mineral,0.0,0.0,0.0,0.0,0.0,0.0,0.0,0.0,0.0,0.0,0.0,0.0,0.0,0.0,0.0,0.0,0.0,0.0,0.0,0.0,0.0,0.0,0.0,0.0,0.0,0.0,0.0,0.0,0.0,0.0,0.0,0.0,0.0,0.0,0.0,0.0,0.0,0.0,0.0,0.0,0.0,0.0,0.0,0.0,0.0,0.0
199,R3,Laminacao,Eletricidade,0.526315242332125,0.5213870451983621,0.5226603551112329,0.534501106634128,0.585833184999586,0.5542674612308274,0.5532326705523305,0.5559625865341175,0.5478876166995323,0.5610412048364591,0.5800165800551854,0.5510316811292933,0.5480961994610608,0.5422024882904466,0.539323305819902,0.539323305819902,0.533447135268832,0.5275218279655203,0.5215466608569004,0.5155208909790353,0.5094437545046268,0.5033144657260127,0.4971322159682598,0.4908961724264291,0.484605476920513,0.47825924456089075,0.47185656231642703,0.46539648747653195,0.45887804599760273,0.45230023072326003,0.4456619994666668,0.4389622729419571,0.43219993253038336,0.4253738178652006,0.4184827242175129,0.41152539966328455,0.40450054200943636,0.3974067954543647,0.39024274695529215,0.3830069222715373,0.3756977816490115,0.3683137151069456,0.36085303728293544,0.353313981786775,0.34569469500710415,0.3379932293075049
200,R3,Laminacao,Carvao vegetal,0.0,0.0,0.0,0.0,0.0,0.0,0.0,0.0,0.0,0.0,0.0,0.0,0.0,0.0,0.0,0.0,0.0,0.0,0.0,0.0,0.0,0.0,0.0,0.0,0.0,0.0,0.0,0.0,0.0,0.0,0.0,0.0,0.0,0.0,0.0,0.0,0.0,0.0,0.0,0.0,0.0,0.0,0.0,0.0,0.0,0.0
204,R3,Outros,Gas natural,0.10369341742559958,0.09986954025790104,0.10071255895631383,0.09628315719212663,0.07954494571604635,0.07601223069179827,0.08989935566888183,0.09845520118036008,0.10301636889706722,0.08553568594449829,0.10716280439957812,0.09154862157490667,0.09512305553664492,0.09373827627377974,0.104290976618851,0.104290976618851,0.104290976618851,0.104290976618851,0.104290976618851,0.104290976618851,0.104290976618851,0.104290976618851,0.104290976618851,0.104290976618851,0.104290976618851,0.104290976618851,0.104290976618851,0.104290976618851,0.104290976618851,0.104290976618851,0.104290976618851,0.104290976618851,0.104290976618851,0.104290976618851,0.104290976618851,0.104290976618851,0.104290976618851,0.104290976618851,0.104290976618851,0.104290976618851,0.104290976618851,0.104290976618851,0.104290976618851,0.104290976618851,0.104290976618851,0.104290976618851
205,R3,Outros,Carvao metalurgico,0.0,0.0,0.0,0.0,0.0,0.0,0.0,0.0,0.0,0.0,0.0,0.0,0.0,0.0,0.0,0.0,0.0,0.0,0.0,0.0,0.0,0.0,0.0,0.0,0.0,0.0,0.0,0.0,0.0,0.0,0.0,0.0,0.0,0.0,0.0,0.0,0.0,0.0,0.0,0.0,0.0,0.0,0.0,0.0,0.0,0.0
208,R3,Outros,Outras fontes secundarias,0.0,0.0,0.0,0.0,0.0,0.0,0.0,0.0,0.0,0.0,0.0,0.0,0.0,0.0,0.0,0.0,0.0,0.0,0.0,0.0,0.0,0.0,0.0,0.0,0.0,0.0,0.0,0.0,0.0,0.0,0.0,0.0,0.0,0.0,0.0,0.0,0.0,0.0,0.0,0.0,0.0,0.0,0.0,0.0,0.0,0.0
209,R3,Outros,Oleo diesel,0.14297071811627385,0.11821107911231576,0.039549815796931294,0.04211043579464632,0.06085907406061487,0.059120458216028744,0.11906108321552188,0.13244293491833575,0.1257766879932448,0.12852519405341406,0.12473259230342505,0.11260044967027767,0.11117256571895007,0.1017705187775212,0.10759191753833268,0.10759191753833268,0.10759191753833268,0.10759191753833268,0.10759191753833268,0.10759191753833268,0.10759191753833268,0.10759191753833268,0.10759191753833268,0.10759191753833268,0.10759191753833268,0.10759191753833268,0.10759191753833268,0.10759191753833268,0.10759191753833268,0.10759191753833268,0.10759191753833268,0.10759191753833268,0.10759191753833268,0.10759191753833268,0.10759191753833268,0.10759191753833268,0.10759191753833268,0.10759191753833268,0.10759191753833268,0.10759191753833268,0.10759191753833268,0.10759191753833268,0.10759191753833268,0.10759191753833268,0.10759191753833268,0.10759191753833268
210,R3,Outros,Oleo combustivel,0.0,0.0,0.0,0.0,0.0,0.0,0.0,0.0,0.0,0.0,0.0,0.0,0.0,0.0,0.0,0.0,0.0,0.0,0.0,0.0,0.0,0.0,0.0,0.0,0.0,0.0,0.0,0.0,0.0,0.0,0.0,0.0,0.0,0.0,0.0,0.0,0.0,0.0,0.0,0.0,0.0,0.0,0.0,0.0,0.0,0.0
212,R3,Outros,GLP,0.0,0.0,0.0,0.0,0.0,0.0,0.0,0.0,0.0,0.0,0.0,0.0,0.0,0.0,0.0,0.0,0.0,0.0,0.0,0.0,0.0,0.0,0.0,0.0,0.0,0.0,0.0,0.0,0.0,0.0,0.0,0.0,0.0,0.0,0.0,0.0,0.0,0.0,0.0,0.0,0.0,0.0,0.0,0.0,0.0,0.0
214,R3,Outros,Gas cidade,0.0,0.0,0.0,0.0,0.0,0.0,0.0,0.0,0.0,0.0,0.0,0.0,0.0,0.0,0.0,0.0,0.0,0.0,0.0,0.0,0.0,0.0,0.0,0.0,0.0,0.0,0.0,0.0,0.0,0.0,0.0,0.0,0.0,0.0,0.0,0.0,0.0,0.0,0.0,0.0,0.0,0.0,0.0,0.0,0.0,0.0
215,R3,Outros,Coque de carvao mineral,0.0,0.0,0.0,0.0,0.0,0.0,0.0,0.0,0.0,0.0,0.0,0.0,0.0,0.0,0.0,0.0,0.0,0.0,0.0,0.0,0.0,0.0,0.0,0.0,0.0,0.0,0.0,0.0,0.0,0.0,0.0,0.0,0.0,0.0,0.0,0.0,0.0,0.0,0.0,0.0,0.0,0.0,0.0,0.0,0.0,0.0
216,R3,Outros,Eletricidade,0.7705808603608868,0.7633654615239922,0.7652297211335342,0.7825658264976919,0.8577213871379177,0.8115058481923538,0.8099908058238369,0.8139876898901944,0.8021650849149877,0.8214233211356854,0.8492052658441946,0.8067683258596732,0.8024704720117453,0.7938414590946075,0.7896260331923337,0.7896260331923337,0.7896260331923337,0.7896260331923337,0.7896260331923337,0.7896260331923337,0.7896260331923337,0.7896260331923337,0.7896260331923337,0.7896260331923337,0.7896260331923337,0.7896260331923337,0.7896260331923337,0.7896260331923337,0.7896260331923337,0.7896260331923337,0.7896260331923337,0.7896260331923337,0.7896260331923337,0.7896260331923337,0.7896260331923337,0.7896260331923337,0.7896260331923337,0.7896260331923337,0.7896260331923337,0.7896260331923337,0.7896260331923337,0.7896260331923337,0.7896260331923337,0.7896260331923337,0.7896260331923337,0.7896260331923337
217,R3,Outros,Carvao vegetal,0.0,0.0,0.0,0.0,0.0,0.0,0.0,0.0,0.0,0.0,0.0,0.0,0.0,0.0,0.0,0.0,0.0,0.0,0.0,0.0,0.0,0.0,0.0,0.0,0.0,0.0,0.0,0.0,0.0,0.0,0.0,0.0,0.0,0.0,0.0,0.0,0.0,0.0,0.0,0.0,0.0,0.0,0.0,0.0,0.0,0.0
221,R4,Sinterizacao,Gas natural,0.0,0.0,0.0,0.0,0.0,0.0,0.0,0.0,0.0,0.0,0.0,0.0,0.0,0.0,0.0,0.0,0.0,0.0,0.0,0.0,0.0,0.0,0.0,0.0,0.0,0.0,0.0,0.0,0.0,0.0,0.0,0.0,0.0,0.0,0.0,0.0,0.0,0.0,0.0,0.0,0.0,0.0,0.0,0.0,0.0,0.0
222,R4,Sinterizacao,Carvao metalurgico,0.0,0.0,0.0,0.0,0.0,0.0,0.0,0.0,0.0,0.0,0.0,0.0,0.0,0.0,0.0,0.0,0.0,0.0,0.0,0.0,0.0,0.0,0.0,0.0,0.0,0.0,0.0,0.0,0.0,0.0,0.0,0.0,0.0,0.0,0.0,0.0,0.0,0.0,0.0,0.0,0.0,0.0,0.0,0.0,0.0,0.0
225,R4,Sinterizacao,Outras fontes secundarias,0.0,0.0,0.0,0.0,0.0,0.0,0.0,0.0,0.0,0.0,0.0,0.0,0.0,0.0,0.0,0.0,0.0,0.0,0.0,0.0,0.0,0.0,0.0,0.0,0.0,0.0,0.0,0.0,0.0,0.0,0.0,0.0,0.0,0.0,0.0,0.0,0.0,0.0,0.0,0.0,0.0,0.0,0.0,0.0,0.0,0.0
226,R4,Sinterizacao,Oleo diesel,0.10007950268139168,0.08274775537862104,0.02768487105785191,0.029477305056252425,0.04260135184243041,0.041384320751220116,0.08334275825086532,0.09271005444283503,0.08804368159527134,0.08996763583738984,0.08731281461239754,0.07882031476919436,0.07782079600326505,0.07123936314426484,0.07531434227683288,0.07531434227683288,0.07450057864930132,0.07368681502176974,0.07287305139423818,0.07205928776670661,0.07124552413917504,0.07043176051164347,0.06961799688411191,0.06880423325658033,0.06799046962904877,0.0671767060015172,0.06636294237398563,0.06554917874645406,0.06473541511892249,0.06392165149139092,0.06310788786385936,0.06229412423632778,0.06148036060879622,0.06066659698126465,0.05985283335373308,0.059039069726201515,0.058225306098669945,0.057411542471138374,0.05659777884360681,0.05578401521607523,0.05497025158854367,0.054156487961012106,0.05334272433348053,0.052528960705948965,0.051715197078417395,0.050901433450885825
227,R4,Sinterizacao,Oleo combustivel,0.0,0.0,0.0,0.0,0.0,0.0,0.0,0.0,0.0,0.0,0.0,0.0,0.0,0.0,0.0,0.0,0.0,0.0,0.0,0.0,0.0,0.0,0.0,0.0,0.0,0.0,0.0,0.0,0.0,0.0,0.0,0.0,0.0,0.0,0.0,0.0,0.0,0.0,0.0,0.0,0.0,0.0,0.0,0.0,0.0,0.0
229,R4,Sinterizacao,GLP,0.0,0.0,0.0,0.0,0.0,0.0,0.0,0.0,0.0,0.0,0.0,0.0,0.0,0.0,0.0,0.0,0.0,0.0,0.0,0.0,0.0,0.0,0.0,0.0,0.0,0.0,0.0,0.0,0.0,0.0,0.0,0.0,0.0,0.0,0.0,0.0,0.0,0.0,0.0,0.0,0.0,0.0,0.0,0.0,0.0,0.0
231,R4,Sinterizacao,Gas cidade,0.0,0.0,0.0,0.0,0.0,0.0,0.0,0.0,0.0,0.0,0.0,0.0,0.0,0.0,0.0,0.0,0.0,0.0,0.0,0.0,0.0,0.0,0.0,0.0,0.0,0.0,0.0,0.0,0.0,0.0,0.0,0.0,0.0,0.0,0.0,0.0,0.0,0.0,0.0,0.0,0.0,0.0,0.0,0.0,0.0,0.0
232,R4,Sinterizacao,Coque de carvao mineral,0.0,0.0,0.0,0.0,0.0,0.0,0.0,0.0,0.0,0.0,0.0,0.0,0.0,0.0,0.0,0.0,0.0,0.0,0.0,0.0,0.0,0.0,0.0,0.0,0.0,0.0,0.0,0.0,0.0,0.0,0.0,0.0,0.0,0.0,0.0,0.0,0.0,0.0,0.0,0.0,0.0,0.0,0.0,0.0,0.0,0.0
233,R4,Sinterizacao,Eletricidade,0.20498387503219914,0.20306449124060483,0.20356040695625205,0.20817202169821084,0.22816431432151316,0.21587041922616068,0.21546739954125552,0.21653061928381795,0.213385662660242,0.21850858757295688,0.22589892254651628,0.21461018070252327,0.21346689933986687,0.2111714770208783,0.21005012249365257,0.21005012249365257,0.20777406222827985,0.20548494638350845,0.20318266230519805,0.2008670960393743,0.1985381323134276,0.196195654516984,0.19383954468244263,0.191469683465172,0.1890859501233588,0.18668822249750147,0.184276376989542,0.1818502885416275,0.17940983061449484,0.17695487516546982,0.17448529262607307,0.1720009518792247,0.16950172023603882,0.16698746341219953,0.16445804550390983,0.16191332896340366,0.15935317457401282,0.15677744142477823,0.1541859868845965,0.1515786665758918,0.14895533434780248,0.14631584224887206,0.14366004049923445,0.14098777746228136,0.13829889961580177,0.13559325152258098
234,R4,Sinterizacao,Carvao vegetal,0.0,0.0,0.0,0.0,0.0,0.0,0.0,0.0,0.0,0.0,0.0,0.0,0.0,0.0,0.0,0.0,0.0,0.0,0.0,0.0,0.0,0.0,0.0,0.0,0.0,0.0,0.0,0.0,0.0,0.0,0.0,0.0,0.0,0.0,0.0,0.0,0.0,0.0,0.0,0.0,0.0,0.0,0.0,0.0,0.0,0.0
238,R4,Alto-forno,Gas natural,0.0,0.0,0.0,0.0,0.0,0.0,0.0,0.0,0.0,0.0,0.0,0.0,0.0,0.0,0.0,0.0,0.0,0.0,0.0,0.0,0.0,0.0,0.0,0.0,0.0,0.0,0.0,0.0,0.0,0.0,0.0,0.0,0.0,0.0,0.0,0.0,0.0,0.0,0.0,0.0,0.0,0.0,0.0,0.0,0.0,0.0
239,R4,Alto-forno,Carvao metalurgico,0.0,0.0,0.0,0.0,0.0,0.0,0.0,0.0,0.0,0.0,0.0,0.0,0.0,0.0,0.0,0.0,0.0,0.0,0.0,0.0,0.0,0.0,0.0,0.0,0.0,0.0,0.0,0.0,0.0,0.0,0.0,0.0,0.0,0.0,0.0,0.0,0.0,0.0,0.0,0.0,0.0,0.0,0.0,0.0,0.0,0.0
242,R4,Alto-forno,Outras fontes secundarias,0.0,0.0,0.0,0.0,0.0,0.0,0.0,0.0,0.0,0.0,0.0,0.0,0.0,0.0,0.0,0.0,0.0,0.0,0.0,0.0,0.0,0.0,0.0,0.0,0.0,0.0,0.0,0.0,0.0,0.0,0.0,0.0,0.0,0.0,0.0,0.0,0.0,0.0,0.0,0.0,0.0,0.0,0.0,0.0,0.0,0.0
243,R4,Alto-forno,Oleo diesel,0.0,0.0,0.0,0.0,0.0,0.0,0.0,0.0,0.0,0.0,0.0,0.0,0.0,0.0,0.0,0.0,0.0,0.0,0.0,0.0,0.0,0.0,0.0,0.0,0.0,0.0,0.0,0.0,0.0,0.0,0.0,0.0,0.0,0.0,0.0,0.0,0.0,0.0,0.0,0.0,0.0,0.0,0.0,0.0,0.0,0.0
244,R4,Alto-forno,Oleo combustivel,0.0,0.0,0.0,0.0,0.0,0.0,0.0,0.0,0.0,0.0,0.0,0.0,0.0,0.0,0.0,0.0,0.0,0.0,0.0,0.0,0.0,0.0,0.0,0.0,0.0,0.0,0.0,0.0,0.0,0.0,0.0,0.0,0.0,0.0,0.0,0.0,0.0,0.0,0.0,0.0,0.0,0.0,0.0,0.0,0.0,0.0
246,R4,Alto-forno,GLP,0.0,0.0,0.0,0.0,0.0,0.0,0.0,0.0,0.0,0.0,0.0,0.0,0.0,0.0,0.0,0.0,0.0,0.0,0.0,0.0,0.0,0.0,0.0,0.0,0.0,0.0,0.0,0.0,0.0,0.0,0.0,0.0,0.0,0.0,0.0,0.0,0.0,0.0,0.0,0.0,0.0,0.0,0.0,0.0,0.0,0.0
248,R4,Alto-forno,Gas cidade,0.0,0.0,0.0,0.0,0.0,0.0,0.0,0.0,0.0,0.0,0.0,0.0,0.0,0.0,0.0,0.0,0.0,0.0,0.0,0.0,0.0,0.0,0.0,0.0,0.0,0.0,0.0,0.0,0.0,0.0,0.0,0.0,0.0,0.0,0.0,0.0,0.0,0.0,0.0,0.0,0.0,0.0,0.0,0.0,0.0,0.0
249,R4,Alto-forno,Coque de carvao mineral,0.0,0.0,0.0,0.0,0.0,0.0,0.0,0.0,0.0,0.0,0.0,0.0,0.0,0.0,0.0,0.0,0.0,0.0,0.0,0.0,0.0,0.0,0.0,0.0,0.0,0.0,0.0,0.0,0.0,0.0,0.0,0.0,0.0,0.0,0.0,0.0,0.0,0.0,0.0,0.0,0.0,0.0,0.0,0.0,0.0,0.0
250,R4,Alto-forno,Eletricidade,0.0,0.0,0.0,0.0,0.0,0.0,0.0,0.0,0.0,0.0,0.0,0.0,0.0,0.0,0.0,0.0,0.0,0.0,0.0,0.0,0.0,0.0,0.0,0.0,0.0,0.0,0.0,0.0,0.0,0.0,0.0,0.0,0.0,0.0,0.0,0.0,0.0,0.0,0.0,0.0,0.0,0.0,0.0,0.0,0.0,0.0
251,R4,Alto-forno,Carvao vegetal,19.2994666540949,19.22634703358258,19.335404731298283,21.042103168878942,21.755862832831923,24.4171013686755,22.064128893217394,21.741564162287826,20.526378365204042,21.204972064378858,24.65936773444932,24.255072206898195,23.481218820290554,23.36523180685012,22.334778016406002,22.334778016406002,22.303944683072668,22.27311134973933,22.242278016406004,22.211444683072667,22.180611349739333,22.149778016406,22.11894468307267,22.088111349739336,22.057278016406002,22.026444683072665,21.995611349739338,21.964778016406,21.933944683072667,21.903111349739333,21.872278016406003,21.84144468307267,21.810611349739336,21.779778016406,21.748944683072672,21.718111349739335,21.687278016406,21.656444683072667,21.625611349739337,21.594778016406003,21.56394468307267,21.533111349739332,21.502278016406006,21.47144468307267,21.440611349739335,21.409778016406
